use book_store;

-- --------------------------- Thành phố -------------------------------------
 
INSERT INTO `book_store`.`city` (`id`, `name`) VALUES ('1', 'Hà Nội');
INSERT INTO `book_store`.`city` (`id`, `name`) VALUES ('2', 'Tp. Hồ Chí Minh');
INSERT INTO `book_store`.`city` (`id`, `name`) VALUES ('3', 'Hải Phòng');
INSERT INTO `book_store`.`city` (`id`, `name`) VALUES ('4', 'Đà Nẵng');
INSERT INTO `book_store`.`city` (`id`, `name`) VALUES ('5', 'Hà Giang');
INSERT INTO `book_store`.`city` (`id`, `name`) VALUES ('6', 'Cao Bằng');
INSERT INTO `book_store`.`city` (`id`, `name`) VALUES ('7', 'Lai Châu');
INSERT INTO `book_store`.`city` (`id`, `name`) VALUES ('8', 'Lào Cai');
INSERT INTO `book_store`.`city` (`id`, `name`) VALUES ('9', 'Tuyên Quang');
INSERT INTO `book_store`.`city` (`id`, `name`) VALUES ('10', 'Lạng Sơn');
INSERT INTO `book_store`.`city` (`id`, `name`) VALUES ('11', 'Bắc Kạn');
INSERT INTO `book_store`.`city` (`id`, `name`) VALUES ('12', 'Thái Nguyên');
INSERT INTO `book_store`.`city` (`id`, `name`) VALUES ('13', 'Yên Bái');
INSERT INTO `book_store`.`city` (`id`, `name`) VALUES ('14', 'Sơn La');
INSERT INTO `book_store`.`city` (`id`, `name`) VALUES ('15', 'Phú Thọ');
INSERT INTO `book_store`.`city` (`id`, `name`) VALUES ('16', 'Vĩnh Phúc');
INSERT INTO `book_store`.`city` (`id`, `name`) VALUES ('17', 'Quảng Ninh');
INSERT INTO `book_store`.`city` (`id`, `name`) VALUES ('18', 'Bắc Giang');
INSERT INTO `book_store`.`city` (`id`, `name`) VALUES ('19', 'Bắc Ninh');
INSERT INTO `book_store`.`city` (`id`, `name`) VALUES ('20', 'Hải Dương');
INSERT INTO `book_store`.`city` (`id`, `name`) VALUES ('21', 'Hưng Yên');
INSERT INTO `book_store`.`city` (`id`, `name`) VALUES ('22', 'Hoà Bình');
INSERT INTO `book_store`.`city` (`id`, `name`) VALUES ('23', 'Hà Nam');
INSERT INTO `book_store`.`city` (`id`, `name`) VALUES ('24', 'Nam Định');
INSERT INTO `book_store`.`city` (`id`, `name`) VALUES ('25', 'Thái Bình');
INSERT INTO `book_store`.`city` (`id`, `name`) VALUES ('26', 'Ninh Bình');
INSERT INTO `book_store`.`city` (`id`, `name`) VALUES ('27', 'Thanh Hoá');
INSERT INTO `book_store`.`city` (`id`, `name`) VALUES ('28', 'Nghệ An');
INSERT INTO `book_store`.`city` (`id`, `name`) VALUES ('29', 'Hà Tĩnh');
INSERT INTO `book_store`.`city` (`id`, `name`) VALUES ('30', 'Quảng Bình');
INSERT INTO `book_store`.`city` (`id`, `name`) VALUES ('31', 'Quảng Trị');
INSERT INTO `book_store`.`city` (`id`, `name`) VALUES ('32', 'Thừa Thiên -Huế');
INSERT INTO `book_store`.`city` (`id`, `name`) VALUES ('33', 'Quảng Nam');
INSERT INTO `book_store`.`city` (`id`, `name`) VALUES ('34', 'Quảng Ngãi');
INSERT INTO `book_store`.`city` (`id`, `name`) VALUES ('35', 'Kon Tum');
INSERT INTO `book_store`.`city` (`id`, `name`) VALUES ('36', 'Bình Định');
INSERT INTO `book_store`.`city` (`id`, `name`) VALUES ('37', 'Gia Lai');
INSERT INTO `book_store`.`city` (`id`, `name`) VALUES ('38', 'Phú Yên');
INSERT INTO `book_store`.`city` (`id`, `name`) VALUES ('39', 'Đắk Lắk');
INSERT INTO `book_store`.`city` (`id`, `name`) VALUES ('40', 'Khánh Hoà');
INSERT INTO `book_store`.`city` (`id`, `name`) VALUES ('41', 'Lâm Đồng');
INSERT INTO `book_store`.`city` (`id`, `name`) VALUES ('42', 'Bình Phước');
INSERT INTO `book_store`.`city` (`id`, `name`) VALUES ('43', 'Bình Dương');
INSERT INTO `book_store`.`city` (`id`, `name`) VALUES ('44', 'Ninh Thuận');
INSERT INTO `book_store`.`city` (`id`, `name`) VALUES ('45', 'Tây Ninh');
INSERT INTO `book_store`.`city` (`id`, `name`) VALUES ('46', 'Bình Thuận');
INSERT INTO `book_store`.`city` (`id`, `name`) VALUES ('47', 'Đồng Nai');
INSERT INTO `book_store`.`city` (`id`, `name`) VALUES ('48', 'Long An');
INSERT INTO `book_store`.`city` (`id`, `name`) VALUES ('49', 'Đồng Tháp');
INSERT INTO `book_store`.`city` (`id`, `name`) VALUES ('50', 'An Giang');
INSERT INTO `book_store`.`city` (`id`, `name`) VALUES ('51', 'Bà Rịa-Vũng Tàu');
INSERT INTO `book_store`.`city` (`id`, `name`) VALUES ('52', 'Tiền Giang');
INSERT INTO `book_store`.`city` (`id`, `name`) VALUES ('53', 'Kiên Giang');
INSERT INTO `book_store`.`city` (`id`, `name`) VALUES ('54', 'Cần Thơ');
INSERT INTO `book_store`.`city` (`id`, `name`) VALUES ('55', 'Bến Tre');
INSERT INTO `book_store`.`city` (`id`, `name`) VALUES ('56', 'Vĩnh Long');
INSERT INTO `book_store`.`city` (`id`, `name`) VALUES ('57', 'Trà Vinh');
INSERT INTO `book_store`.`city` (`id`, `name`) VALUES ('58', 'Sóc Trăng');
INSERT INTO `book_store`.`city` (`id`, `name`) VALUES ('59', 'Bạc Liêu');
INSERT INTO `book_store`.`city` (`id`, `name`) VALUES ('60', 'Cà Mau');
INSERT INTO `book_store`.`city` (`id`, `name`) VALUES ('61', 'Điện Biên');
INSERT INTO `book_store`.`city` (`id`, `name`) VALUES ('62', 'Đăk Nông');
INSERT INTO `book_store`.`city` (`id`, `name`) VALUES ('63', 'Hậu Giang');



-- --------------------------------- Huyện --------------------------------------------------------

 
INSERT INTO `book_store`.`province` (`id`, `name`, `city_id`) VALUES ('1', 'Quận Ba Đình', '1');
INSERT INTO `book_store`.`province` (`id`, `name`, `city_id`) VALUES ('2', 'Quận Hoàn Kiếm', '1');
INSERT INTO `book_store`.`province` (`id`, `name`, `city_id`) VALUES ('3', 'Quận Hai Bà Trưng', '1');
INSERT INTO `book_store`.`province` (`id`, `name`, `city_id`) VALUES ('4', 'Quận Đống Đa', '1');
INSERT INTO `book_store`.`province` (`id`, `name`, `city_id`) VALUES ('5', 'Quận Tây Hồ', '1');
INSERT INTO `book_store`.`province` (`id`, `name`, `city_id`) VALUES ('6', 'Quận Cầu Giấy', '1');
INSERT INTO `book_store`.`province` (`id`, `name`, `city_id`) VALUES ('7', 'Quận Thanh Xuân', '1');
INSERT INTO `book_store`.`province` (`id`, `name`, `city_id`) VALUES ('8', 'Quận Hoàng Mai', '1');
INSERT INTO `book_store`.`province` (`id`, `name`, `city_id`) VALUES ('9', 'Quận Long Biên', '1');
INSERT INTO `book_store`.`province` (`id`, `name`, `city_id`) VALUES ('10', 'Quận Bắc Từ Liêm', '1');
INSERT INTO `book_store`.`province` (`id`, `name`, `city_id`) VALUES ('11', 'Huyện Thanh Trì', '1');
INSERT INTO `book_store`.`province` (`id`, `name`, `city_id`) VALUES ('12', 'Huyện Gia Lâm', '1');
INSERT INTO `book_store`.`province` (`id`, `name`, `city_id`) VALUES ('13', 'Huyện Đông Anh', '1');
INSERT INTO `book_store`.`province` (`id`, `name`, `city_id`) VALUES ('14', 'Huyện Sóc Sơn', '1');
INSERT INTO `book_store`.`province` (`id`, `name`, `city_id`) VALUES ('15', 'Quận Hà Đông', '1');
INSERT INTO `book_store`.`province` (`id`, `name`, `city_id`) VALUES ('16', 'Thị xã Sơn Tây', '1');
INSERT INTO `book_store`.`province` (`id`, `name`, `city_id`) VALUES ('17', 'Huyện Ba Vì', '1');
INSERT INTO `book_store`.`province` (`id`, `name`, `city_id`) VALUES ('18', 'Huyện Phúc Thọ', '1');
INSERT INTO `book_store`.`province` (`id`, `name`, `city_id`) VALUES ('19', 'Huyện Thạch Thất', '1');
INSERT INTO `book_store`.`province` (`id`, `name`, `city_id`) VALUES ('20', 'Huyện Quốc Oai', '1');
INSERT INTO `book_store`.`province` (`id`, `name`, `city_id`) VALUES ('21', 'Huyện Chương Mỹ', '1');
INSERT INTO `book_store`.`province` (`id`, `name`, `city_id`) VALUES ('22', 'Huyện Đan Phượng', '1');
INSERT INTO `book_store`.`province` (`id`, `name`, `city_id`) VALUES ('23', 'Huyện Hoài Đức', '1');
INSERT INTO `book_store`.`province` (`id`, `name`, `city_id`) VALUES ('24', 'Huyện Thanh Oai', '1');
INSERT INTO `book_store`.`province` (`id`, `name`, `city_id`) VALUES ('25', 'Huyện Mỹ Đức', '1');
INSERT INTO `book_store`.`province` (`id`, `name`, `city_id`) VALUES ('26', 'Huyện Ứng Hòa', '1');
INSERT INTO `book_store`.`province` (`id`, `name`, `city_id`) VALUES ('27', 'Huyện Thường Tín', '1');
INSERT INTO `book_store`.`province` (`id`, `name`, `city_id`) VALUES ('28', 'Huyện Phú Xuyên', '1');
INSERT INTO `book_store`.`province` (`id`, `name`, `city_id`) VALUES ('29', 'Huyện Mê Linh', '1');
INSERT INTO `book_store`.`province` (`id`, `name`, `city_id`) VALUES ('30', 'Quận Nam Từ Liêm', '1');
INSERT INTO `book_store`.`province` (`id`, `name`, `city_id`) VALUES ('31', 'Huyện Từ Liêm', '1');
INSERT INTO `book_store`.`province` (`id`, `name`, `city_id`) VALUES ('32', 'Quận 1', '2');
INSERT INTO `book_store`.`province` (`id`, `name`, `city_id`) VALUES ('33', 'Quận 2', '2');
INSERT INTO `book_store`.`province` (`id`, `name`, `city_id`) VALUES ('34', 'Quận 3', '2');
INSERT INTO `book_store`.`province` (`id`, `name`, `city_id`) VALUES ('35', 'Quận 4', '2');
INSERT INTO `book_store`.`province` (`id`, `name`, `city_id`) VALUES ('36', 'Quận 5', '2');
INSERT INTO `book_store`.`province` (`id`, `name`, `city_id`) VALUES ('37', 'Quận 6', '2');
INSERT INTO `book_store`.`province` (`id`, `name`, `city_id`) VALUES ('38', 'Quận 7', '2');
INSERT INTO `book_store`.`province` (`id`, `name`, `city_id`) VALUES ('39', 'Quận 8', '2');
INSERT INTO `book_store`.`province` (`id`, `name`, `city_id`) VALUES ('40', 'Quận 9', '2');
INSERT INTO `book_store`.`province` (`id`, `name`, `city_id`) VALUES ('41', 'Quận 10', '2');
INSERT INTO `book_store`.`province` (`id`, `name`, `city_id`) VALUES ('42', 'Quận 11', '2');
INSERT INTO `book_store`.`province` (`id`, `name`, `city_id`) VALUES ('43', 'Quận 12', '2');
INSERT INTO `book_store`.`province` (`id`, `name`, `city_id`) VALUES ('44', 'Quận Gò Vấp', '2');
INSERT INTO `book_store`.`province` (`id`, `name`, `city_id`) VALUES ('45', 'Quận Tân Bình', '2');
INSERT INTO `book_store`.`province` (`id`, `name`, `city_id`) VALUES ('46', 'Quận Tân Phú', '2');
INSERT INTO `book_store`.`province` (`id`, `name`, `city_id`) VALUES ('47', 'Quận Bình Thạnh', '2');
INSERT INTO `book_store`.`province` (`id`, `name`, `city_id`) VALUES ('48', 'Quận Phú Nhuận', '2');
INSERT INTO `book_store`.`province` (`id`, `name`, `city_id`) VALUES ('49', 'Quận Thủ Đức', '2');
INSERT INTO `book_store`.`province` (`id`, `name`, `city_id`) VALUES ('50', 'Quận Bình Tân', '2');
INSERT INTO `book_store`.`province` (`id`, `name`, `city_id`) VALUES ('51', 'Huyện Bình Chánh', '2');
INSERT INTO `book_store`.`province` (`id`, `name`, `city_id`) VALUES ('52', 'Huyện Củ Chi', '2');
INSERT INTO `book_store`.`province` (`id`, `name`, `city_id`) VALUES ('53', 'Huyện Hóc Môn', '2');
INSERT INTO `book_store`.`province` (`id`, `name`, `city_id`) VALUES ('54', 'Huyện Nhà Bè', '2');
INSERT INTO `book_store`.`province` (`id`, `name`, `city_id`) VALUES ('55', 'Huyện Cần Giờ', '2');
INSERT INTO `book_store`.`province` (`id`, `name`, `city_id`) VALUES ('56', 'Thành phố Thủ Đức', '2');
INSERT INTO `book_store`.`province` (`id`, `name`, `city_id`) VALUES ('57', 'Quận Hồng Bàng', '3');
INSERT INTO `book_store`.`province` (`id`, `name`, `city_id`) VALUES ('58', 'Quận Lê Chân', '3');
INSERT INTO `book_store`.`province` (`id`, `name`, `city_id`) VALUES ('59', 'Quận Ngô Quyền', '3');
INSERT INTO `book_store`.`province` (`id`, `name`, `city_id`) VALUES ('60', 'Quận Kiến An', '3');
INSERT INTO `book_store`.`province` (`id`, `name`, `city_id`) VALUES ('61', 'Quận Hải An', '3');
INSERT INTO `book_store`.`province` (`id`, `name`, `city_id`) VALUES ('62', 'Quận Đồ Sơn', '3');
INSERT INTO `book_store`.`province` (`id`, `name`, `city_id`) VALUES ('63', 'Huyện An Lão', '3');
INSERT INTO `book_store`.`province` (`id`, `name`, `city_id`) VALUES ('64', 'Huyện Kiến Thụy', '3');
INSERT INTO `book_store`.`province` (`id`, `name`, `city_id`) VALUES ('65', 'Huyện Thủy Nguyên', '3');
INSERT INTO `book_store`.`province` (`id`, `name`, `city_id`) VALUES ('66', 'Huyện An Dương', '3');
INSERT INTO `book_store`.`province` (`id`, `name`, `city_id`) VALUES ('67', 'Huyện Tiên Lãng', '3');
INSERT INTO `book_store`.`province` (`id`, `name`, `city_id`) VALUES ('68', 'Huyện Vĩnh Bảo', '3');
INSERT INTO `book_store`.`province` (`id`, `name`, `city_id`) VALUES ('69', 'Huyện Cát Hải', '3');
INSERT INTO `book_store`.`province` (`id`, `name`, `city_id`) VALUES ('70', 'Quận Dương Kinh', '3');
INSERT INTO `book_store`.`province` (`id`, `name`, `city_id`) VALUES ('71', 'Quận Hải Châu', '4');
INSERT INTO `book_store`.`province` (`id`, `name`, `city_id`) VALUES ('72', 'Quận Thanh Khê', '4');
INSERT INTO `book_store`.`province` (`id`, `name`, `city_id`) VALUES ('73', 'Quận Sơn Trà', '4');
INSERT INTO `book_store`.`province` (`id`, `name`, `city_id`) VALUES ('74', 'Quận Ngũ Hành Sơn', '4');
INSERT INTO `book_store`.`province` (`id`, `name`, `city_id`) VALUES ('75', 'Quận Liên Chiểu', '4');
INSERT INTO `book_store`.`province` (`id`, `name`, `city_id`) VALUES ('76', 'Huyện Hòa Vang', '4');
INSERT INTO `book_store`.`province` (`id`, `name`, `city_id`) VALUES ('77', 'Quận Cẩm Lệ', '4');
INSERT INTO `book_store`.`province` (`id`, `name`, `city_id`) VALUES ('78', 'Thành phố Hà Giang', '5');
INSERT INTO `book_store`.`province` (`id`, `name`, `city_id`) VALUES ('79', 'Huyện Đồng Văn', '5');
INSERT INTO `book_store`.`province` (`id`, `name`, `city_id`) VALUES ('80', 'Huyện Mèo Vạc', '5');
INSERT INTO `book_store`.`province` (`id`, `name`, `city_id`) VALUES ('81', 'Huyện Yên Minh', '5');
INSERT INTO `book_store`.`province` (`id`, `name`, `city_id`) VALUES ('82', 'Huyện Quản Bạ', '5');
INSERT INTO `book_store`.`province` (`id`, `name`, `city_id`) VALUES ('83', 'Huyện Vị Xuyên', '5');
INSERT INTO `book_store`.`province` (`id`, `name`, `city_id`) VALUES ('84', 'Huyện Bắc Mê', '5');
INSERT INTO `book_store`.`province` (`id`, `name`, `city_id`) VALUES ('85', 'Huyện Hoàng Su Phì', '5');
INSERT INTO `book_store`.`province` (`id`, `name`, `city_id`) VALUES ('86', 'Huyện Xín Mần', '5');
INSERT INTO `book_store`.`province` (`id`, `name`, `city_id`) VALUES ('87', 'Huyện Bắc Quang', '5');
INSERT INTO `book_store`.`province` (`id`, `name`, `city_id`) VALUES ('88', 'Huyện Quang Bình', '5');
INSERT INTO `book_store`.`province` (`id`, `name`, `city_id`) VALUES ('89', 'Thành phố Hà Giang', '5');
INSERT INTO `book_store`.`province` (`id`, `name`, `city_id`) VALUES ('90', 'Thành phố Cao Bằng', '6');
INSERT INTO `book_store`.`province` (`id`, `name`, `city_id`) VALUES ('91', 'Huyện Bảo Lạc', '6');
INSERT INTO `book_store`.`province` (`id`, `name`, `city_id`) VALUES ('92', 'Huyện Thông Nông', '6');
INSERT INTO `book_store`.`province` (`id`, `name`, `city_id`) VALUES ('93', 'Huyện Hà Quảng', '6');
INSERT INTO `book_store`.`province` (`id`, `name`, `city_id`) VALUES ('94', 'Huyện Trà Lĩnh', '6');
INSERT INTO `book_store`.`province` (`id`, `name`, `city_id`) VALUES ('95', 'Huyện Trùng Khánh', '6');
INSERT INTO `book_store`.`province` (`id`, `name`, `city_id`) VALUES ('96', 'Huyện Nguyên Bình', '6');
INSERT INTO `book_store`.`province` (`id`, `name`, `city_id`) VALUES ('97', 'Huyện Hòa An', '6');
INSERT INTO `book_store`.`province` (`id`, `name`, `city_id`) VALUES ('98', 'Huyện Quảng Uyên', '6');
INSERT INTO `book_store`.`province` (`id`, `name`, `city_id`) VALUES ('99', 'Huyện Thạch An', '6');
INSERT INTO `book_store`.`province` (`id`, `name`, `city_id`) VALUES ('100', 'Huyện Hạ Lang', '6');
INSERT INTO `book_store`.`province` (`id`, `name`, `city_id`) VALUES ('101', 'Huyện Bảo Lâm', '6');
INSERT INTO `book_store`.`province` (`id`, `name`, `city_id`) VALUES ('102', 'Huyện Phục Hòa', '6');
INSERT INTO `book_store`.`province` (`id`, `name`, `city_id`) VALUES ('103', 'Huyện Quảng Hòa', '6');
INSERT INTO `book_store`.`province` (`id`, `name`, `city_id`) VALUES ('104', 'Thành Phố Lai Châu', '7');
INSERT INTO `book_store`.`province` (`id`, `name`, `city_id`) VALUES ('105', 'Huyện Tam Đường', '7');
INSERT INTO `book_store`.`province` (`id`, `name`, `city_id`) VALUES ('106', 'Huyện Phong Thổ', '7');
INSERT INTO `book_store`.`province` (`id`, `name`, `city_id`) VALUES ('107', 'Huyện Sìn Hồ', '7');
INSERT INTO `book_store`.`province` (`id`, `name`, `city_id`) VALUES ('108', 'Huyện Mường Tè', '7');
INSERT INTO `book_store`.`province` (`id`, `name`, `city_id`) VALUES ('109', 'Huyện Than Uyên', '7');
INSERT INTO `book_store`.`province` (`id`, `name`, `city_id`) VALUES ('110', 'Huyện Tân Uyên', '7');
INSERT INTO `book_store`.`province` (`id`, `name`, `city_id`) VALUES ('111', 'Huyện Nậm Nhùn', '7');
INSERT INTO `book_store`.`province` (`id`, `name`, `city_id`) VALUES ('112', 'Huyện Bảo Thắng', '8');
INSERT INTO `book_store`.`province` (`id`, `name`, `city_id`) VALUES ('113', 'Huyện Bảo Yên', '8');
INSERT INTO `book_store`.`province` (`id`, `name`, `city_id`) VALUES ('114', 'Huyện Bát Xát', '8');
INSERT INTO `book_store`.`province` (`id`, `name`, `city_id`) VALUES ('115', 'Huyện Bắc Hà', '8');
INSERT INTO `book_store`.`province` (`id`, `name`, `city_id`) VALUES ('116', 'Thành phố Lào Cai', '8');
INSERT INTO `book_store`.`province` (`id`, `name`, `city_id`) VALUES ('117', 'Huyện Mường Khương', '8');
INSERT INTO `book_store`.`province` (`id`, `name`, `city_id`) VALUES ('118', 'Huyện Sa Pa', '8');
INSERT INTO `book_store`.`province` (`id`, `name`, `city_id`) VALUES ('119', 'Huyện Si Ma Cai', '8');
INSERT INTO `book_store`.`province` (`id`, `name`, `city_id`) VALUES ('120', 'Huyện Văn Bàn', '8');
INSERT INTO `book_store`.`province` (`id`, `name`, `city_id`) VALUES ('121', 'Thị xã Sa Pa', '8');
INSERT INTO `book_store`.`province` (`id`, `name`, `city_id`) VALUES ('122', 'Thành phố Tuyên Quang', '9');
INSERT INTO `book_store`.`province` (`id`, `name`, `city_id`) VALUES ('123', 'Huyện Lâm Bình', '9');
INSERT INTO `book_store`.`province` (`id`, `name`, `city_id`) VALUES ('124', 'Huyện Na Hang', '9');
INSERT INTO `book_store`.`province` (`id`, `name`, `city_id`) VALUES ('125', 'Huyện Chiêm Hóa', '9');
INSERT INTO `book_store`.`province` (`id`, `name`, `city_id`) VALUES ('126', 'Huyện Hàm Yên', '9');
INSERT INTO `book_store`.`province` (`id`, `name`, `city_id`) VALUES ('127', 'Huyện Yên Sơn', '9');
INSERT INTO `book_store`.`province` (`id`, `name`, `city_id`) VALUES ('128', 'Huyện Sơn Dương', '9');
INSERT INTO `book_store`.`province` (`id`, `name`, `city_id`) VALUES ('129', 'Thành phố Lạng Sơn', '10');
INSERT INTO `book_store`.`province` (`id`, `name`, `city_id`) VALUES ('130', 'Huyện Tràng Định', '10');
INSERT INTO `book_store`.`province` (`id`, `name`, `city_id`) VALUES ('131', 'Huyện Bình Gia', '10');
INSERT INTO `book_store`.`province` (`id`, `name`, `city_id`) VALUES ('132', 'Huyện Văn Lãng', '10');
INSERT INTO `book_store`.`province` (`id`, `name`, `city_id`) VALUES ('133', 'Huyện Bắc Sơn', '10');
INSERT INTO `book_store`.`province` (`id`, `name`, `city_id`) VALUES ('134', 'Huyện Văn Quan', '10');
INSERT INTO `book_store`.`province` (`id`, `name`, `city_id`) VALUES ('135', 'Huyện Cao Lộc', '10');
INSERT INTO `book_store`.`province` (`id`, `name`, `city_id`) VALUES ('136', 'Huyện Lộc Bình', '10');
INSERT INTO `book_store`.`province` (`id`, `name`, `city_id`) VALUES ('137', 'Huyện Chi Lăng', '10');
INSERT INTO `book_store`.`province` (`id`, `name`, `city_id`) VALUES ('138', 'Huyện Đình Lập', '10');
INSERT INTO `book_store`.`province` (`id`, `name`, `city_id`) VALUES ('139', 'Huyện Hữu Lũng', '10');
INSERT INTO `book_store`.`province` (`id`, `name`, `city_id`) VALUES ('140', 'Thành phố Bắc Kạn', '11');
INSERT INTO `book_store`.`province` (`id`, `name`, `city_id`) VALUES ('141', 'Huyện Chợ Đồn', '11');
INSERT INTO `book_store`.`province` (`id`, `name`, `city_id`) VALUES ('142', 'Huyện Bạch Thông', '11');
INSERT INTO `book_store`.`province` (`id`, `name`, `city_id`) VALUES ('143', 'Huyện Na Rì', '11');
INSERT INTO `book_store`.`province` (`id`, `name`, `city_id`) VALUES ('144', 'Huyện Ngân Sơn', '11');
INSERT INTO `book_store`.`province` (`id`, `name`, `city_id`) VALUES ('145', 'Huyện Ba Bể', '11');
INSERT INTO `book_store`.`province` (`id`, `name`, `city_id`) VALUES ('146', 'Huyện Chợ Mới', '11');
INSERT INTO `book_store`.`province` (`id`, `name`, `city_id`) VALUES ('147', 'Huyện Pác Nặm', '11');
INSERT INTO `book_store`.`province` (`id`, `name`, `city_id`) VALUES ('148', 'Thành phố Thái Nguyên', '12');
INSERT INTO `book_store`.`province` (`id`, `name`, `city_id`) VALUES ('149', 'Thành phố Sông Công', '12');
INSERT INTO `book_store`.`province` (`id`, `name`, `city_id`) VALUES ('150', 'Huyện Định Hóa', '12');
INSERT INTO `book_store`.`province` (`id`, `name`, `city_id`) VALUES ('151', 'Huyện Phú Lương', '12');
INSERT INTO `book_store`.`province` (`id`, `name`, `city_id`) VALUES ('152', 'Huyện Võ Nhai', '12');
INSERT INTO `book_store`.`province` (`id`, `name`, `city_id`) VALUES ('153', 'Huyện Đại Từ', '12');
INSERT INTO `book_store`.`province` (`id`, `name`, `city_id`) VALUES ('154', 'Huyện Đồng Hỷ', '12');
INSERT INTO `book_store`.`province` (`id`, `name`, `city_id`) VALUES ('155', 'Huyện Phú Bình', '12');
INSERT INTO `book_store`.`province` (`id`, `name`, `city_id`) VALUES ('156', 'Thị xã Phổ Yên', '12');
INSERT INTO `book_store`.`province` (`id`, `name`, `city_id`) VALUES ('157', 'Thành phố Phổ Yên', '12');
INSERT INTO `book_store`.`province` (`id`, `name`, `city_id`) VALUES ('158', 'Huyện Đại Từ', '12');
INSERT INTO `book_store`.`province` (`id`, `name`, `city_id`) VALUES ('159', 'Thành phố Sông Công', '12');
INSERT INTO `book_store`.`province` (`id`, `name`, `city_id`) VALUES ('160', 'Thành phố Yên Bái', '13');
INSERT INTO `book_store`.`province` (`id`, `name`, `city_id`) VALUES ('161', 'Thị xã Nghĩa Lộ', '13');
INSERT INTO `book_store`.`province` (`id`, `name`, `city_id`) VALUES ('162', 'Huyện Văn Yên', '13');
INSERT INTO `book_store`.`province` (`id`, `name`, `city_id`) VALUES ('163', 'Huyện Yên Bình', '13');
INSERT INTO `book_store`.`province` (`id`, `name`, `city_id`) VALUES ('164', 'Huyện Mù Cang Chải', '13');
INSERT INTO `book_store`.`province` (`id`, `name`, `city_id`) VALUES ('165', 'Huyện Văn Chấn', '13');
INSERT INTO `book_store`.`province` (`id`, `name`, `city_id`) VALUES ('166', 'Huyện Trấn Yên', '13');
INSERT INTO `book_store`.`province` (`id`, `name`, `city_id`) VALUES ('167', 'Huyện Trạm Tấu', '13');
INSERT INTO `book_store`.`province` (`id`, `name`, `city_id`) VALUES ('168', 'Huyện Lục Yên', '13');
INSERT INTO `book_store`.`province` (`id`, `name`, `city_id`) VALUES ('169', 'Thành phố Yên Bái', '13');
INSERT INTO `book_store`.`province` (`id`, `name`, `city_id`) VALUES ('170', 'Thành phố Sơn La', '14');
INSERT INTO `book_store`.`province` (`id`, `name`, `city_id`) VALUES ('171', 'Huyện Quỳnh Nhai', '14');
INSERT INTO `book_store`.`province` (`id`, `name`, `city_id`) VALUES ('172', 'Huyện Mường La', '14');
INSERT INTO `book_store`.`province` (`id`, `name`, `city_id`) VALUES ('173', 'Huyện Thuận Châu', '14');
INSERT INTO `book_store`.`province` (`id`, `name`, `city_id`) VALUES ('174', 'Huyện Bắc Yên', '14');
INSERT INTO `book_store`.`province` (`id`, `name`, `city_id`) VALUES ('175', 'Huyện Phù Yên', '14');
INSERT INTO `book_store`.`province` (`id`, `name`, `city_id`) VALUES ('176', 'Huyện Mai Sơn', '14');
INSERT INTO `book_store`.`province` (`id`, `name`, `city_id`) VALUES ('177', 'Huyện Yên Châu', '14');
INSERT INTO `book_store`.`province` (`id`, `name`, `city_id`) VALUES ('178', 'Huyện Sông Mã', '14');
INSERT INTO `book_store`.`province` (`id`, `name`, `city_id`) VALUES ('179', 'Huyện Mộc Châu', '14');
INSERT INTO `book_store`.`province` (`id`, `name`, `city_id`) VALUES ('180', 'Huyện Sốp Cộp', '14');
INSERT INTO `book_store`.`province` (`id`, `name`, `city_id`) VALUES ('181', 'Huyện Vân Hồ', '14');
INSERT INTO `book_store`.`province` (`id`, `name`, `city_id`) VALUES ('182', 'Thành phố Việt Trì', '15');
INSERT INTO `book_store`.`province` (`id`, `name`, `city_id`) VALUES ('183', 'Thị xã Phú Thọ', '15');
INSERT INTO `book_store`.`province` (`id`, `name`, `city_id`) VALUES ('184', 'Huyện Đoan Hùng', '15');
INSERT INTO `book_store`.`province` (`id`, `name`, `city_id`) VALUES ('185', 'Huyện Thanh Ba', '15');
INSERT INTO `book_store`.`province` (`id`, `name`, `city_id`) VALUES ('186', 'Huyện Hạ Hòa', '15');
INSERT INTO `book_store`.`province` (`id`, `name`, `city_id`) VALUES ('187', 'Huyện Cẩm Khê', '15');
INSERT INTO `book_store`.`province` (`id`, `name`, `city_id`) VALUES ('188', 'Huyện Yên Lập', '15');
INSERT INTO `book_store`.`province` (`id`, `name`, `city_id`) VALUES ('189', 'Huyện Thanh Sơn', '15');
INSERT INTO `book_store`.`province` (`id`, `name`, `city_id`) VALUES ('190', 'Huyện Phù Ninh', '15');
INSERT INTO `book_store`.`province` (`id`, `name`, `city_id`) VALUES ('191', 'Huyện Lâm Thao', '15');
INSERT INTO `book_store`.`province` (`id`, `name`, `city_id`) VALUES ('192', 'Huyện Tam Nông', '15');
INSERT INTO `book_store`.`province` (`id`, `name`, `city_id`) VALUES ('193', 'Huyện Thanh Thủy', '15');
INSERT INTO `book_store`.`province` (`id`, `name`, `city_id`) VALUES ('194', 'Huyện Tân Sơn', '15');
INSERT INTO `book_store`.`province` (`id`, `name`, `city_id`) VALUES ('195', 'Huyện Cẩm Khê', '15');
INSERT INTO `book_store`.`province` (`id`, `name`, `city_id`) VALUES ('196', 'Huyện Hạ Hòa', '15');
INSERT INTO `book_store`.`province` (`id`, `name`, `city_id`) VALUES ('197', 'Huyện Lâm Thao', '15');
INSERT INTO `book_store`.`province` (`id`, `name`, `city_id`) VALUES ('198', 'Huyện Phù Ninh', '15');
INSERT INTO `book_store`.`province` (`id`, `name`, `city_id`) VALUES ('199', 'Huyện Tam Nông', '15');
INSERT INTO `book_store`.`province` (`id`, `name`, `city_id`) VALUES ('200', 'Huyện Thanh Ba', '15');
INSERT INTO `book_store`.`province` (`id`, `name`, `city_id`) VALUES ('201', 'Thành phố Vĩnh Yên', '16');
INSERT INTO `book_store`.`province` (`id`, `name`, `city_id`) VALUES ('202', 'Huyện Tam Dương', '16');
INSERT INTO `book_store`.`province` (`id`, `name`, `city_id`) VALUES ('203', 'Huyện Lập Thạch', '16');
INSERT INTO `book_store`.`province` (`id`, `name`, `city_id`) VALUES ('204', 'Huyện Vĩnh Tường', '16');
INSERT INTO `book_store`.`province` (`id`, `name`, `city_id`) VALUES ('205', 'Huyện Yên Lạc', '16');
INSERT INTO `book_store`.`province` (`id`, `name`, `city_id`) VALUES ('206', 'Huyện Bình Xuyên', '16');
INSERT INTO `book_store`.`province` (`id`, `name`, `city_id`) VALUES ('207', 'Huyện Sông Lô', '16');
INSERT INTO `book_store`.`province` (`id`, `name`, `city_id`) VALUES ('208', 'Thành phố Phúc Yên', '16');
INSERT INTO `book_store`.`province` (`id`, `name`, `city_id`) VALUES ('209', 'Huyện Tam Đảo', '16');
INSERT INTO `book_store`.`province` (`id`, `name`, `city_id`) VALUES ('210', 'Huyện Tam Đảo', '16');
INSERT INTO `book_store`.`province` (`id`, `name`, `city_id`) VALUES ('211', 'Thành phố Hạ Long', '17');
INSERT INTO `book_store`.`province` (`id`, `name`, `city_id`) VALUES ('212', 'Thành phố Cẩm Phả', '17');
INSERT INTO `book_store`.`province` (`id`, `name`, `city_id`) VALUES ('213', 'Thành phố Uông Bí', '17');
INSERT INTO `book_store`.`province` (`id`, `name`, `city_id`) VALUES ('214', 'Thành phố Móng Cái', '17');
INSERT INTO `book_store`.`province` (`id`, `name`, `city_id`) VALUES ('215', 'Huyện Bình Liêu', '17');
INSERT INTO `book_store`.`province` (`id`, `name`, `city_id`) VALUES ('216', 'Huyện Đầm Hà', '17');
INSERT INTO `book_store`.`province` (`id`, `name`, `city_id`) VALUES ('217', 'Huyện Hải Hà', '17');
INSERT INTO `book_store`.`province` (`id`, `name`, `city_id`) VALUES ('218', 'Huyện Tiên Yên', '17');
INSERT INTO `book_store`.`province` (`id`, `name`, `city_id`) VALUES ('219', 'Huyện Ba Chẽ', '17');
INSERT INTO `book_store`.`province` (`id`, `name`, `city_id`) VALUES ('220', 'Thị xã Đông Triều', '17');
INSERT INTO `book_store`.`province` (`id`, `name`, `city_id`) VALUES ('221', 'Thị xã Quảng Yên', '17');
INSERT INTO `book_store`.`province` (`id`, `name`, `city_id`) VALUES ('222', 'Huyện Hoành Bồ', '17');
INSERT INTO `book_store`.`province` (`id`, `name`, `city_id`) VALUES ('223', 'Huyện Vân Đồn', '17');
INSERT INTO `book_store`.`province` (`id`, `name`, `city_id`) VALUES ('224', 'Huyện Cô Tô', '17');
INSERT INTO `book_store`.`province` (`id`, `name`, `city_id`) VALUES ('225', 'Thành phố Bắc Giang', '18');
INSERT INTO `book_store`.`province` (`id`, `name`, `city_id`) VALUES ('226', 'Huyện Yên Thế', '18');
INSERT INTO `book_store`.`province` (`id`, `name`, `city_id`) VALUES ('227', 'Huyện Lục Ngạn', '18');
INSERT INTO `book_store`.`province` (`id`, `name`, `city_id`) VALUES ('228', 'Huyện Sơn Động', '18');
INSERT INTO `book_store`.`province` (`id`, `name`, `city_id`) VALUES ('229', 'Huyện Lục Nam', '18');
INSERT INTO `book_store`.`province` (`id`, `name`, `city_id`) VALUES ('230', 'Huyện Tân Yên', '18');
INSERT INTO `book_store`.`province` (`id`, `name`, `city_id`) VALUES ('231', 'Huyện Hiệp Hòa', '18');
INSERT INTO `book_store`.`province` (`id`, `name`, `city_id`) VALUES ('232', 'Huyện Lạng Giang', '18');
INSERT INTO `book_store`.`province` (`id`, `name`, `city_id`) VALUES ('233', 'Huyện Việt Yên', '18');
INSERT INTO `book_store`.`province` (`id`, `name`, `city_id`) VALUES ('234', 'Huyện Yên Dũng', '18');
INSERT INTO `book_store`.`province` (`id`, `name`, `city_id`) VALUES ('235', 'Thành phố Bắc Ninh', '19');
INSERT INTO `book_store`.`province` (`id`, `name`, `city_id`) VALUES ('236', 'Huyện Yên Phong', '19');
INSERT INTO `book_store`.`province` (`id`, `name`, `city_id`) VALUES ('237', 'Huyện Quế Võ', '19');
INSERT INTO `book_store`.`province` (`id`, `name`, `city_id`) VALUES ('238', 'Huyện Tiên Du', '19');
INSERT INTO `book_store`.`province` (`id`, `name`, `city_id`) VALUES ('239', 'Thành phố Từ  Sơn', '19');
INSERT INTO `book_store`.`province` (`id`, `name`, `city_id`) VALUES ('240', 'Huyện Thuận Thành', '19');
INSERT INTO `book_store`.`province` (`id`, `name`, `city_id`) VALUES ('241', 'Huyện Gia Bình', '19');
INSERT INTO `book_store`.`province` (`id`, `name`, `city_id`) VALUES ('242', 'Huyện Lương Tài', '19');
INSERT INTO `book_store`.`province` (`id`, `name`, `city_id`) VALUES ('243', 'Thành phố Hải Dương', '20');
INSERT INTO `book_store`.`province` (`id`, `name`, `city_id`) VALUES ('244', 'Thành phố Chí Linh', '20');
INSERT INTO `book_store`.`province` (`id`, `name`, `city_id`) VALUES ('245', 'Huyện Nam Sách', '20');
INSERT INTO `book_store`.`province` (`id`, `name`, `city_id`) VALUES ('246', 'Thị xã Kinh Môn', '20');
INSERT INTO `book_store`.`province` (`id`, `name`, `city_id`) VALUES ('247', 'Huyện Gia Lộc', '20');
INSERT INTO `book_store`.`province` (`id`, `name`, `city_id`) VALUES ('248', 'Huyện Tứ Kỳ', '20');
INSERT INTO `book_store`.`province` (`id`, `name`, `city_id`) VALUES ('249', 'Huyện Thanh Miện', '20');
INSERT INTO `book_store`.`province` (`id`, `name`, `city_id`) VALUES ('250', 'Huyện Ninh Giang', '20');
INSERT INTO `book_store`.`province` (`id`, `name`, `city_id`) VALUES ('251', 'Huyện Cẩm Giàng', '20');
INSERT INTO `book_store`.`province` (`id`, `name`, `city_id`) VALUES ('252', 'Huyện Thanh Hà', '20');
INSERT INTO `book_store`.`province` (`id`, `name`, `city_id`) VALUES ('253', 'Huyện Kim Thành', '20');
INSERT INTO `book_store`.`province` (`id`, `name`, `city_id`) VALUES ('254', 'Huyện Bình Giang', '20');
INSERT INTO `book_store`.`province` (`id`, `name`, `city_id`) VALUES ('255', 'Thành phố Hưng Yên', '21');
INSERT INTO `book_store`.`province` (`id`, `name`, `city_id`) VALUES ('256', 'Huyện Kim Động', '21');
INSERT INTO `book_store`.`province` (`id`, `name`, `city_id`) VALUES ('257', 'Huyện Ân Thi', '21');
INSERT INTO `book_store`.`province` (`id`, `name`, `city_id`) VALUES ('258', 'Huyện Khoái Châu', '21');
INSERT INTO `book_store`.`province` (`id`, `name`, `city_id`) VALUES ('259', 'Huyện Yên Mỹ', '21');
INSERT INTO `book_store`.`province` (`id`, `name`, `city_id`) VALUES ('260', 'Huyện Tiên Lữ', '21');
INSERT INTO `book_store`.`province` (`id`, `name`, `city_id`) VALUES ('261', 'Huyện Phù Cừ', '21');
INSERT INTO `book_store`.`province` (`id`, `name`, `city_id`) VALUES ('262', 'Huyện Mỹ Hào', '21');
INSERT INTO `book_store`.`province` (`id`, `name`, `city_id`) VALUES ('263', 'Huyện Văn Lâm', '21');
INSERT INTO `book_store`.`province` (`id`, `name`, `city_id`) VALUES ('264', 'Huyện Văn Giang', '21');
INSERT INTO `book_store`.`province` (`id`, `name`, `city_id`) VALUES ('265', 'Thị xã Mỹ Hào', '21');
INSERT INTO `book_store`.`province` (`id`, `name`, `city_id`) VALUES ('266', 'Thành phố Hòa Bình', '22');
INSERT INTO `book_store`.`province` (`id`, `name`, `city_id`) VALUES ('267', 'Huyện Đà Bắc', '22');
INSERT INTO `book_store`.`province` (`id`, `name`, `city_id`) VALUES ('268', 'Huyện Mai Châu', '22');
INSERT INTO `book_store`.`province` (`id`, `name`, `city_id`) VALUES ('269', 'Huyện Tân Lạc', '22');
INSERT INTO `book_store`.`province` (`id`, `name`, `city_id`) VALUES ('270', 'Huyện Lạc Sơn', '22');
INSERT INTO `book_store`.`province` (`id`, `name`, `city_id`) VALUES ('271', 'Huyện Lương Sơn', '22');
INSERT INTO `book_store`.`province` (`id`, `name`, `city_id`) VALUES ('272', 'Huyện Kim Bôi', '22');
INSERT INTO `book_store`.`province` (`id`, `name`, `city_id`) VALUES ('273', 'Huyện Lạc Thủy', '22');
INSERT INTO `book_store`.`province` (`id`, `name`, `city_id`) VALUES ('274', 'Huyện Yên Thủy', '22');
INSERT INTO `book_store`.`province` (`id`, `name`, `city_id`) VALUES ('275', 'Huyện Cao Phong', '22');
INSERT INTO `book_store`.`province` (`id`, `name`, `city_id`) VALUES ('276', 'Thành phố Phủ Lý', '23');
INSERT INTO `book_store`.`province` (`id`, `name`, `city_id`) VALUES ('277', 'Huyện Duy Tiên', '23');
INSERT INTO `book_store`.`province` (`id`, `name`, `city_id`) VALUES ('278', 'Huyện Kim Bảng', '23');
INSERT INTO `book_store`.`province` (`id`, `name`, `city_id`) VALUES ('279', 'Huyện Lý Nhân', '23');
INSERT INTO `book_store`.`province` (`id`, `name`, `city_id`) VALUES ('280', 'Huyện Thanh Liêm', '23');
INSERT INTO `book_store`.`province` (`id`, `name`, `city_id`) VALUES ('281', 'Huyện Bình Lục', '23');
INSERT INTO `book_store`.`province` (`id`, `name`, `city_id`) VALUES ('282', 'Thị xã Duy Tiên', '23');
INSERT INTO `book_store`.`province` (`id`, `name`, `city_id`) VALUES ('283', 'Thành phố Nam Định', '24');
INSERT INTO `book_store`.`province` (`id`, `name`, `city_id`) VALUES ('284', 'Huyện Mỹ Lộc', '24');
INSERT INTO `book_store`.`province` (`id`, `name`, `city_id`) VALUES ('285', 'Huyện Xuân Trường', '24');
INSERT INTO `book_store`.`province` (`id`, `name`, `city_id`) VALUES ('286', 'Huyện Giao Thủy', '24');
INSERT INTO `book_store`.`province` (`id`, `name`, `city_id`) VALUES ('287', 'Huyện ý Yên', '24');
INSERT INTO `book_store`.`province` (`id`, `name`, `city_id`) VALUES ('288', 'Huyện Vụ Bản', '24');
INSERT INTO `book_store`.`province` (`id`, `name`, `city_id`) VALUES ('289', 'Huyện Nam Trực', '24');
INSERT INTO `book_store`.`province` (`id`, `name`, `city_id`) VALUES ('290', 'Huyện Trực Ninh', '24');
INSERT INTO `book_store`.`province` (`id`, `name`, `city_id`) VALUES ('291', 'Huyện Nghĩa Hưng', '24');
INSERT INTO `book_store`.`province` (`id`, `name`, `city_id`) VALUES ('292', 'Huyện Hải Hậu', '24');
INSERT INTO `book_store`.`province` (`id`, `name`, `city_id`) VALUES ('293', 'Thành phố Thái Bình', '25');
INSERT INTO `book_store`.`province` (`id`, `name`, `city_id`) VALUES ('294', 'Huyện Quỳnh Phụ', '25');
INSERT INTO `book_store`.`province` (`id`, `name`, `city_id`) VALUES ('295', 'Huyện Hưng Hà', '25');
INSERT INTO `book_store`.`province` (`id`, `name`, `city_id`) VALUES ('296', 'Huyện Đông Hưng', '25');
INSERT INTO `book_store`.`province` (`id`, `name`, `city_id`) VALUES ('297', 'Huyện Vũ Thư', '25');
INSERT INTO `book_store`.`province` (`id`, `name`, `city_id`) VALUES ('298', 'Huyện Kiến Xương', '25');
INSERT INTO `book_store`.`province` (`id`, `name`, `city_id`) VALUES ('299', 'Huyện Tiền Hải', '25');
INSERT INTO `book_store`.`province` (`id`, `name`, `city_id`) VALUES ('300', 'Huyện Thái Thụy', '25');
INSERT INTO `book_store`.`province` (`id`, `name`, `city_id`) VALUES ('301', 'Thành phố Ninh Bình', '26');
INSERT INTO `book_store`.`province` (`id`, `name`, `city_id`) VALUES ('302', 'Thành phố Tam Điệp', '26');
INSERT INTO `book_store`.`province` (`id`, `name`, `city_id`) VALUES ('303', 'Huyện Nho Quan', '26');
INSERT INTO `book_store`.`province` (`id`, `name`, `city_id`) VALUES ('304', 'Huyện Gia Viễn', '26');
INSERT INTO `book_store`.`province` (`id`, `name`, `city_id`) VALUES ('305', 'Huyện Hoa Lư', '26');
INSERT INTO `book_store`.`province` (`id`, `name`, `city_id`) VALUES ('306', 'Huyện Yên Mô', '26');
INSERT INTO `book_store`.`province` (`id`, `name`, `city_id`) VALUES ('307', 'Huyện Kim Sơn', '26');
INSERT INTO `book_store`.`province` (`id`, `name`, `city_id`) VALUES ('308', 'Huyện Yên Khánh', '26');
INSERT INTO `book_store`.`province` (`id`, `name`, `city_id`) VALUES ('309', 'Huyện Nho Quan', '26');
INSERT INTO `book_store`.`province` (`id`, `name`, `city_id`) VALUES ('310', 'Thành phố Tam Điệp', '26');
INSERT INTO `book_store`.`province` (`id`, `name`, `city_id`) VALUES ('311', 'Thành phố Thanh Hóa', '27');
INSERT INTO `book_store`.`province` (`id`, `name`, `city_id`) VALUES ('312', 'Thị xã Bỉm Sơn', '27');
INSERT INTO `book_store`.`province` (`id`, `name`, `city_id`) VALUES ('313', 'Thành phố  Sầm Sơn', '27');
INSERT INTO `book_store`.`province` (`id`, `name`, `city_id`) VALUES ('314', 'Huyện Quan Hóa', '27');
INSERT INTO `book_store`.`province` (`id`, `name`, `city_id`) VALUES ('315', 'Huyện Quan Sơn', '27');
INSERT INTO `book_store`.`province` (`id`, `name`, `city_id`) VALUES ('316', 'Huyện Mường Lát', '27');
INSERT INTO `book_store`.`province` (`id`, `name`, `city_id`) VALUES ('317', 'Huyện Bá Thước', '27');
INSERT INTO `book_store`.`province` (`id`, `name`, `city_id`) VALUES ('318', 'Huyện Thường Xuân', '27');
INSERT INTO `book_store`.`province` (`id`, `name`, `city_id`) VALUES ('319', 'Huyện Như Xuân', '27');
INSERT INTO `book_store`.`province` (`id`, `name`, `city_id`) VALUES ('320', 'Huyện Như Thanh', '27');
INSERT INTO `book_store`.`province` (`id`, `name`, `city_id`) VALUES ('321', 'Huyện Lang Chánh', '27');
INSERT INTO `book_store`.`province` (`id`, `name`, `city_id`) VALUES ('322', 'Huyện Ngọc Lặc', '27');
INSERT INTO `book_store`.`province` (`id`, `name`, `city_id`) VALUES ('323', 'Huyện Thạch Thành', '27');
INSERT INTO `book_store`.`province` (`id`, `name`, `city_id`) VALUES ('324', 'Huyện Cẩm Thủy', '27');
INSERT INTO `book_store`.`province` (`id`, `name`, `city_id`) VALUES ('325', 'Huyện Thọ Xuân', '27');
INSERT INTO `book_store`.`province` (`id`, `name`, `city_id`) VALUES ('326', 'Huyện Vĩnh Lộc', '27');
INSERT INTO `book_store`.`province` (`id`, `name`, `city_id`) VALUES ('327', 'Huyện Thiệu Hóa', '27');
INSERT INTO `book_store`.`province` (`id`, `name`, `city_id`) VALUES ('328', 'Huyện Triệu Sơn', '27');
INSERT INTO `book_store`.`province` (`id`, `name`, `city_id`) VALUES ('329', 'Huyện Nông Cống', '27');
INSERT INTO `book_store`.`province` (`id`, `name`, `city_id`) VALUES ('330', 'Huyện Đông Sơn', '27');
INSERT INTO `book_store`.`province` (`id`, `name`, `city_id`) VALUES ('331', 'Huyện Hà Trung', '27');
INSERT INTO `book_store`.`province` (`id`, `name`, `city_id`) VALUES ('332', 'Huyện Hoằng Hóa', '27');
INSERT INTO `book_store`.`province` (`id`, `name`, `city_id`) VALUES ('333', 'Huyện Nga Sơn', '27');
INSERT INTO `book_store`.`province` (`id`, `name`, `city_id`) VALUES ('334', 'Huyện Hậu Lộc', '27');
INSERT INTO `book_store`.`province` (`id`, `name`, `city_id`) VALUES ('335', 'Huyện Quảng Xương', '27');
INSERT INTO `book_store`.`province` (`id`, `name`, `city_id`) VALUES ('336', 'Huyện Tĩnh Gia', '27');
INSERT INTO `book_store`.`province` (`id`, `name`, `city_id`) VALUES ('337', 'Huyện Yên Định', '27');
INSERT INTO `book_store`.`province` (`id`, `name`, `city_id`) VALUES ('338', 'Thị xã Nghi Sơn', '27');
INSERT INTO `book_store`.`province` (`id`, `name`, `city_id`) VALUES ('339', 'Huyện Vĩnh Lộc', '27');
INSERT INTO `book_store`.`province` (`id`, `name`, `city_id`) VALUES ('340', 'Huyện Cẩm Thuỷ', '27');
INSERT INTO `book_store`.`province` (`id`, `name`, `city_id`) VALUES ('341', 'Huyện Yên Định', '27');
INSERT INTO `book_store`.`province` (`id`, `name`, `city_id`) VALUES ('342', 'Huyện Thọ Xuân', '27');
INSERT INTO `book_store`.`province` (`id`, `name`, `city_id`) VALUES ('343', 'Huyện Nga Sơn', '27');
INSERT INTO `book_store`.`province` (`id`, `name`, `city_id`) VALUES ('344', 'Huyện Hoằng Hoá', '27');
INSERT INTO `book_store`.`province` (`id`, `name`, `city_id`) VALUES ('345', 'Huyện Quảng Xương', '27');
INSERT INTO `book_store`.`province` (`id`, `name`, `city_id`) VALUES ('346', 'TP Sầm Sơn', '27');
INSERT INTO `book_store`.`province` (`id`, `name`, `city_id`) VALUES ('347', 'Huyện Hà Trung', '27');
INSERT INTO `book_store`.`province` (`id`, `name`, `city_id`) VALUES ('348', 'Thành phố Vinh', '28');
INSERT INTO `book_store`.`province` (`id`, `name`, `city_id`) VALUES ('349', 'Thị xã Cửa Lò', '28');
INSERT INTO `book_store`.`province` (`id`, `name`, `city_id`) VALUES ('350', 'Huyện Quỳ Châu', '28');
INSERT INTO `book_store`.`province` (`id`, `name`, `city_id`) VALUES ('351', 'Huyện Quỳ Hợp', '28');
INSERT INTO `book_store`.`province` (`id`, `name`, `city_id`) VALUES ('352', 'Huyện Nghĩa Đàn', '28');
INSERT INTO `book_store`.`province` (`id`, `name`, `city_id`) VALUES ('353', 'Huyện Quỳnh Lưu', '28');
INSERT INTO `book_store`.`province` (`id`, `name`, `city_id`) VALUES ('354', 'Huyện Kỳ Sơn', '28');
INSERT INTO `book_store`.`province` (`id`, `name`, `city_id`) VALUES ('355', 'Huyện Tương Dương', '28');
INSERT INTO `book_store`.`province` (`id`, `name`, `city_id`) VALUES ('356', 'Huyện Con Cuông', '28');
INSERT INTO `book_store`.`province` (`id`, `name`, `city_id`) VALUES ('357', 'Huyện Tân Kỳ', '28');
INSERT INTO `book_store`.`province` (`id`, `name`, `city_id`) VALUES ('358', 'Huyện Yên Thành', '28');
INSERT INTO `book_store`.`province` (`id`, `name`, `city_id`) VALUES ('359', 'Huyện Diễn Châu', '28');
INSERT INTO `book_store`.`province` (`id`, `name`, `city_id`) VALUES ('360', 'Huyện Anh Sơn', '28');
INSERT INTO `book_store`.`province` (`id`, `name`, `city_id`) VALUES ('361', 'Huyện Đô Lương', '28');
INSERT INTO `book_store`.`province` (`id`, `name`, `city_id`) VALUES ('362', 'Huyện Thanh Chương', '28');
INSERT INTO `book_store`.`province` (`id`, `name`, `city_id`) VALUES ('363', 'Huyện Nghi Lộc', '28');
INSERT INTO `book_store`.`province` (`id`, `name`, `city_id`) VALUES ('364', 'Huyện Nam Đàn', '28');
INSERT INTO `book_store`.`province` (`id`, `name`, `city_id`) VALUES ('365', 'Huyện Hưng Nguyên', '28');
INSERT INTO `book_store`.`province` (`id`, `name`, `city_id`) VALUES ('366', 'Huyện Quế Phong', '28');
INSERT INTO `book_store`.`province` (`id`, `name`, `city_id`) VALUES ('367', 'Thị Xã Thái Hòa', '28');
INSERT INTO `book_store`.`province` (`id`, `name`, `city_id`) VALUES ('368', 'Thị Xã Hoàng Mai', '28');
INSERT INTO `book_store`.`province` (`id`, `name`, `city_id`) VALUES ('369', 'Thành phố Hà Tĩnh', '29');
INSERT INTO `book_store`.`province` (`id`, `name`, `city_id`) VALUES ('370', 'Thị xã Hồng Lĩnh', '29');
INSERT INTO `book_store`.`province` (`id`, `name`, `city_id`) VALUES ('371', 'Huyện Hương Sơn', '29');
INSERT INTO `book_store`.`province` (`id`, `name`, `city_id`) VALUES ('372', 'Huyện Đức Thọ', '29');
INSERT INTO `book_store`.`province` (`id`, `name`, `city_id`) VALUES ('373', 'Huyện Nghi Xuân', '29');
INSERT INTO `book_store`.`province` (`id`, `name`, `city_id`) VALUES ('374', 'Huyện Can Lộc', '29');
INSERT INTO `book_store`.`province` (`id`, `name`, `city_id`) VALUES ('375', 'Huyện Hương Khê', '29');
INSERT INTO `book_store`.`province` (`id`, `name`, `city_id`) VALUES ('376', 'Huyện Thạch Hà', '29');
INSERT INTO `book_store`.`province` (`id`, `name`, `city_id`) VALUES ('377', 'Huyện Cẩm Xuyên', '29');
INSERT INTO `book_store`.`province` (`id`, `name`, `city_id`) VALUES ('378', 'Huyện Kỳ Anh', '29');
INSERT INTO `book_store`.`province` (`id`, `name`, `city_id`) VALUES ('379', 'Huyện Vũ Quang', '29');
INSERT INTO `book_store`.`province` (`id`, `name`, `city_id`) VALUES ('380', 'Huyện Lộc Hà', '29');
INSERT INTO `book_store`.`province` (`id`, `name`, `city_id`) VALUES ('381', 'Thị xã Kỳ Anh', '29');
INSERT INTO `book_store`.`province` (`id`, `name`, `city_id`) VALUES ('382', 'Thị xã Kỳ Anh', '29');
INSERT INTO `book_store`.`province` (`id`, `name`, `city_id`) VALUES ('383', 'Huyện Kỳ Anh', '29');
INSERT INTO `book_store`.`province` (`id`, `name`, `city_id`) VALUES ('384', 'Huyện Cẩm Xuyên', '29');
INSERT INTO `book_store`.`province` (`id`, `name`, `city_id`) VALUES ('385', 'Huyện Thạch Hà', '29');
INSERT INTO `book_store`.`province` (`id`, `name`, `city_id`) VALUES ('386', 'Huyện Can Lộc', '29');
INSERT INTO `book_store`.`province` (`id`, `name`, `city_id`) VALUES ('387', 'Huyện Lộc Hà', '29');
INSERT INTO `book_store`.`province` (`id`, `name`, `city_id`) VALUES ('388', 'Huyện Nghi Xuân', '29');
INSERT INTO `book_store`.`province` (`id`, `name`, `city_id`) VALUES ('389', 'Huyện Đức Thọ', '29');
INSERT INTO `book_store`.`province` (`id`, `name`, `city_id`) VALUES ('390', 'Huyện Hương Sơn', '29');
INSERT INTO `book_store`.`province` (`id`, `name`, `city_id`) VALUES ('391', 'Huyện Vũ Quang', '29');
INSERT INTO `book_store`.`province` (`id`, `name`, `city_id`) VALUES ('392', 'Thành phố Đồng Hới', '30');
INSERT INTO `book_store`.`province` (`id`, `name`, `city_id`) VALUES ('393', 'Huyện Tuyên Hóa', '30');
INSERT INTO `book_store`.`province` (`id`, `name`, `city_id`) VALUES ('394', 'Huyện Minh Hóa', '30');
INSERT INTO `book_store`.`province` (`id`, `name`, `city_id`) VALUES ('395', 'Huyện Quảng Trạch', '30');
INSERT INTO `book_store`.`province` (`id`, `name`, `city_id`) VALUES ('396', 'Huyện Bố Trạch', '30');
INSERT INTO `book_store`.`province` (`id`, `name`, `city_id`) VALUES ('397', 'Huyện Quảng Ninh', '30');
INSERT INTO `book_store`.`province` (`id`, `name`, `city_id`) VALUES ('398', 'Huyện Lệ Thủy', '30');
INSERT INTO `book_store`.`province` (`id`, `name`, `city_id`) VALUES ('399', 'Thị xã Ba Đồn', '30');
INSERT INTO `book_store`.`province` (`id`, `name`, `city_id`) VALUES ('400', 'Thành phố Đông Hà', '31');
INSERT INTO `book_store`.`province` (`id`, `name`, `city_id`) VALUES ('401', 'Thị xã Quảng Trị', '31');
INSERT INTO `book_store`.`province` (`id`, `name`, `city_id`) VALUES ('402', 'Huyện Vĩnh Linh', '31');
INSERT INTO `book_store`.`province` (`id`, `name`, `city_id`) VALUES ('403', 'Huyện Gio Linh', '31');
INSERT INTO `book_store`.`province` (`id`, `name`, `city_id`) VALUES ('404', 'Huyện Cam Lộ', '31');
INSERT INTO `book_store`.`province` (`id`, `name`, `city_id`) VALUES ('405', 'Huyện Triệu Phong', '31');
INSERT INTO `book_store`.`province` (`id`, `name`, `city_id`) VALUES ('406', 'Huyện Hải Lăng', '31');
INSERT INTO `book_store`.`province` (`id`, `name`, `city_id`) VALUES ('407', 'Huyện Hướng Hóa', '31');
INSERT INTO `book_store`.`province` (`id`, `name`, `city_id`) VALUES ('408', 'Huyện Đakrông', '31');
INSERT INTO `book_store`.`province` (`id`, `name`, `city_id`) VALUES ('409', 'Thành phố Huế', '32');
INSERT INTO `book_store`.`province` (`id`, `name`, `city_id`) VALUES ('410', 'Huyện Phong Điền', '32');
INSERT INTO `book_store`.`province` (`id`, `name`, `city_id`) VALUES ('411', 'Huyện Quảng Điền', '32');
INSERT INTO `book_store`.`province` (`id`, `name`, `city_id`) VALUES ('412', 'Thị xã Hương Trà', '32');
INSERT INTO `book_store`.`province` (`id`, `name`, `city_id`) VALUES ('413', 'Huyện Phú Vang', '32');
INSERT INTO `book_store`.`province` (`id`, `name`, `city_id`) VALUES ('414', 'Thị xã Hương Thủy', '32');
INSERT INTO `book_store`.`province` (`id`, `name`, `city_id`) VALUES ('415', 'Huyện Phú Lộc', '32');
INSERT INTO `book_store`.`province` (`id`, `name`, `city_id`) VALUES ('416', 'Huyện Nam Đông', '32');
INSERT INTO `book_store`.`province` (`id`, `name`, `city_id`) VALUES ('417', 'Huyện A Lưới', '32');
INSERT INTO `book_store`.`province` (`id`, `name`, `city_id`) VALUES ('418', 'Thành phố Tam Kỳ', '33');
INSERT INTO `book_store`.`province` (`id`, `name`, `city_id`) VALUES ('419', 'Thành phố Hội An', '33');
INSERT INTO `book_store`.`province` (`id`, `name`, `city_id`) VALUES ('420', 'Huyện Duy Xuyên', '33');
INSERT INTO `book_store`.`province` (`id`, `name`, `city_id`) VALUES ('421', 'Thị xã Điện Bàn', '33');
INSERT INTO `book_store`.`province` (`id`, `name`, `city_id`) VALUES ('422', 'Huyện Đại Lộc', '33');
INSERT INTO `book_store`.`province` (`id`, `name`, `city_id`) VALUES ('423', 'Huyện Quế Sơn', '33');
INSERT INTO `book_store`.`province` (`id`, `name`, `city_id`) VALUES ('424', 'Huyện Hiệp Đức', '33');
INSERT INTO `book_store`.`province` (`id`, `name`, `city_id`) VALUES ('425', 'Huyện Thăng Bình', '33');
INSERT INTO `book_store`.`province` (`id`, `name`, `city_id`) VALUES ('426', 'Huyện Núi Thành', '33');
INSERT INTO `book_store`.`province` (`id`, `name`, `city_id`) VALUES ('427', 'Huyện Tiên Phước', '33');
INSERT INTO `book_store`.`province` (`id`, `name`, `city_id`) VALUES ('428', 'Huyện Bắc Trà My', '33');
INSERT INTO `book_store`.`province` (`id`, `name`, `city_id`) VALUES ('429', 'Huyện Đông Giang', '33');
INSERT INTO `book_store`.`province` (`id`, `name`, `city_id`) VALUES ('430', 'Huyện Nam Giang', '33');
INSERT INTO `book_store`.`province` (`id`, `name`, `city_id`) VALUES ('431', 'Huyện Phước Sơn', '33');
INSERT INTO `book_store`.`province` (`id`, `name`, `city_id`) VALUES ('432', 'Huyện Nam Trà My', '33');
INSERT INTO `book_store`.`province` (`id`, `name`, `city_id`) VALUES ('433', 'Huyện Tây Giang', '33');
INSERT INTO `book_store`.`province` (`id`, `name`, `city_id`) VALUES ('434', 'Huyện Phú Ninh', '33');
INSERT INTO `book_store`.`province` (`id`, `name`, `city_id`) VALUES ('435', 'Huyện Nông Sơn', '33');
INSERT INTO `book_store`.`province` (`id`, `name`, `city_id`) VALUES ('436', 'Huyện Bình Sơn', '34');
INSERT INTO `book_store`.`province` (`id`, `name`, `city_id`) VALUES ('437', 'Huyện Sơn Tịnh', '34');
INSERT INTO `book_store`.`province` (`id`, `name`, `city_id`) VALUES ('438', 'Thành phố Quảng Ngãi', '34');
INSERT INTO `book_store`.`province` (`id`, `name`, `city_id`) VALUES ('439', 'Huyện Tư Nghĩa', '34');
INSERT INTO `book_store`.`province` (`id`, `name`, `city_id`) VALUES ('440', 'Huyện Nghĩa Hành', '34');
INSERT INTO `book_store`.`province` (`id`, `name`, `city_id`) VALUES ('441', 'Huyện Mộ Đức', '34');
INSERT INTO `book_store`.`province` (`id`, `name`, `city_id`) VALUES ('442', 'Huyện Đức Phổ', '34');
INSERT INTO `book_store`.`province` (`id`, `name`, `city_id`) VALUES ('443', 'Huyện Ba Tơ', '34');
INSERT INTO `book_store`.`province` (`id`, `name`, `city_id`) VALUES ('444', 'Huyện Minh Long', '34');
INSERT INTO `book_store`.`province` (`id`, `name`, `city_id`) VALUES ('445', 'Huyện Sơn Hà', '34');
INSERT INTO `book_store`.`province` (`id`, `name`, `city_id`) VALUES ('446', 'Huyện Sơn Tây', '34');
INSERT INTO `book_store`.`province` (`id`, `name`, `city_id`) VALUES ('447', 'Huyện Trà Bồng', '34');
INSERT INTO `book_store`.`province` (`id`, `name`, `city_id`) VALUES ('448', 'Huyện Tây Trà', '34');
INSERT INTO `book_store`.`province` (`id`, `name`, `city_id`) VALUES ('449', 'Huyện Lý Sơn', '34');
INSERT INTO `book_store`.`province` (`id`, `name`, `city_id`) VALUES ('450', 'Thị xã Đức Phổ', '34');
INSERT INTO `book_store`.`province` (`id`, `name`, `city_id`) VALUES ('451', 'Thành phố Kon Tum', '35');
INSERT INTO `book_store`.`province` (`id`, `name`, `city_id`) VALUES ('452', 'Huyện ĐĂK GLEI', '35');
INSERT INTO `book_store`.`province` (`id`, `name`, `city_id`) VALUES ('453', 'Huyện Ngọc Hồi', '35');
INSERT INTO `book_store`.`province` (`id`, `name`, `city_id`) VALUES ('454', 'Huyện Đăk Tô', '35');
INSERT INTO `book_store`.`province` (`id`, `name`, `city_id`) VALUES ('455', 'Huyện Sa Thầy', '35');
INSERT INTO `book_store`.`province` (`id`, `name`, `city_id`) VALUES ('456', 'Huyện Kon Plông', '35');
INSERT INTO `book_store`.`province` (`id`, `name`, `city_id`) VALUES ('457', 'Huyện Đăk Hà', '35');
INSERT INTO `book_store`.`province` (`id`, `name`, `city_id`) VALUES ('458', 'Huyện Kon Rẫy', '35');
INSERT INTO `book_store`.`province` (`id`, `name`, `city_id`) VALUES ('459', 'Huyện Tu Mơ Rông', '35');
INSERT INTO `book_store`.`province` (`id`, `name`, `city_id`) VALUES ('460', 'Huyện IA H\'DRAI', '35');
INSERT INTO `book_store`.`province` (`id`, `name`, `city_id`) VALUES ('461', 'Thành phố Quy Nhơn', '36');
INSERT INTO `book_store`.`province` (`id`, `name`, `city_id`) VALUES ('462', 'Huyện An Lão', '36');
INSERT INTO `book_store`.`province` (`id`, `name`, `city_id`) VALUES ('463', 'Huyện Hoài Ân', '36');
INSERT INTO `book_store`.`province` (`id`, `name`, `city_id`) VALUES ('464', 'Huyện Hoài Nhơn', '36');
INSERT INTO `book_store`.`province` (`id`, `name`, `city_id`) VALUES ('465', 'Huyện Phù Mỹ', '36');
INSERT INTO `book_store`.`province` (`id`, `name`, `city_id`) VALUES ('466', 'Huyện Phù Cát', '36');
INSERT INTO `book_store`.`province` (`id`, `name`, `city_id`) VALUES ('467', 'Huyện Vĩnh Thạnh', '36');
INSERT INTO `book_store`.`province` (`id`, `name`, `city_id`) VALUES ('468', 'Huyện Tây Sơn', '36');
INSERT INTO `book_store`.`province` (`id`, `name`, `city_id`) VALUES ('469', 'Huyện Vân Canh', '36');
INSERT INTO `book_store`.`province` (`id`, `name`, `city_id`) VALUES ('470', 'Thị xã An Nhơn', '36');
INSERT INTO `book_store`.`province` (`id`, `name`, `city_id`) VALUES ('471', 'Huyện Tuy Phước', '36');
INSERT INTO `book_store`.`province` (`id`, `name`, `city_id`) VALUES ('472', 'Thị xã Hoài Nhơn', '36');
INSERT INTO `book_store`.`province` (`id`, `name`, `city_id`) VALUES ('473', 'Thành phố Pleiku', '37');
INSERT INTO `book_store`.`province` (`id`, `name`, `city_id`) VALUES ('474', 'Huyện Chư Păh', '37');
INSERT INTO `book_store`.`province` (`id`, `name`, `city_id`) VALUES ('475', 'Huyện Mang Yang', '37');
INSERT INTO `book_store`.`province` (`id`, `name`, `city_id`) VALUES ('476', 'Huyện KBang', '37');
INSERT INTO `book_store`.`province` (`id`, `name`, `city_id`) VALUES ('477', 'Thị xã An Khê', '37');
INSERT INTO `book_store`.`province` (`id`, `name`, `city_id`) VALUES ('478', 'Huyện Kông Chro', '37');
INSERT INTO `book_store`.`province` (`id`, `name`, `city_id`) VALUES ('479', 'Huyện Đức Cơ', '37');
INSERT INTO `book_store`.`province` (`id`, `name`, `city_id`) VALUES ('480', 'Huyện Chư Prông', '37');
INSERT INTO `book_store`.`province` (`id`, `name`, `city_id`) VALUES ('481', 'Huyện Chư Sê', '37');
INSERT INTO `book_store`.`province` (`id`, `name`, `city_id`) VALUES ('482', 'Thị xã Ayun Pa', '37');
INSERT INTO `book_store`.`province` (`id`, `name`, `city_id`) VALUES ('483', 'Huyện Krông Pa', '37');
INSERT INTO `book_store`.`province` (`id`, `name`, `city_id`) VALUES ('484', 'Huyện Ia Grai', '37');
INSERT INTO `book_store`.`province` (`id`, `name`, `city_id`) VALUES ('485', 'Huyện Đak Đoa', '37');
INSERT INTO `book_store`.`province` (`id`, `name`, `city_id`) VALUES ('486', 'Huyện Ia Pa', '37');
INSERT INTO `book_store`.`province` (`id`, `name`, `city_id`) VALUES ('487', 'Huyện Đak Pơ', '37');
INSERT INTO `book_store`.`province` (`id`, `name`, `city_id`) VALUES ('488', 'Huyện Phú Thiện', '37');
INSERT INTO `book_store`.`province` (`id`, `name`, `city_id`) VALUES ('489', 'Huyện Chư Pưh', '37');
INSERT INTO `book_store`.`province` (`id`, `name`, `city_id`) VALUES ('490', 'Thành phố Tuy Hòa', '38');
INSERT INTO `book_store`.`province` (`id`, `name`, `city_id`) VALUES ('491', 'Huyện Đồng Xuân', '38');
INSERT INTO `book_store`.`province` (`id`, `name`, `city_id`) VALUES ('492', 'Thị xã Sông Cầu', '38');
INSERT INTO `book_store`.`province` (`id`, `name`, `city_id`) VALUES ('493', 'Huyện Tuy An', '38');
INSERT INTO `book_store`.`province` (`id`, `name`, `city_id`) VALUES ('494', 'Huyện Sơn Hòa', '38');
INSERT INTO `book_store`.`province` (`id`, `name`, `city_id`) VALUES ('495', 'Huyện Sông Hinh', '38');
INSERT INTO `book_store`.`province` (`id`, `name`, `city_id`) VALUES ('496', 'Huyện  Đông Hòa', '38');
INSERT INTO `book_store`.`province` (`id`, `name`, `city_id`) VALUES ('497', 'Huyện Phú Hòa', '38');
INSERT INTO `book_store`.`province` (`id`, `name`, `city_id`) VALUES ('498', 'Huyện Tây Hòa', '38');
INSERT INTO `book_store`.`province` (`id`, `name`, `city_id`) VALUES ('499', 'Thị xã Đông Hòa', '38');
INSERT INTO `book_store`.`province` (`id`, `name`, `city_id`) VALUES ('500', 'Thành phố Tuy Hòa', '38');
INSERT INTO `book_store`.`province` (`id`, `name`, `city_id`) VALUES ('501', 'Thị xã Sông Cầu', '38');
INSERT INTO `book_store`.`province` (`id`, `name`, `city_id`) VALUES ('502', 'Thị xã Đông Hòa', '38');
INSERT INTO `book_store`.`province` (`id`, `name`, `city_id`) VALUES ('503', 'Huyện Tuy An', '38');
INSERT INTO `book_store`.`province` (`id`, `name`, `city_id`) VALUES ('504', 'Huyện Phú Hòa', '38');
INSERT INTO `book_store`.`province` (`id`, `name`, `city_id`) VALUES ('505', 'Thành phố Buôn Ma Thuột', '39');
INSERT INTO `book_store`.`province` (`id`, `name`, `city_id`) VALUES ('506', 'Huyện Ea H\'Leo', '39');
INSERT INTO `book_store`.`province` (`id`, `name`, `city_id`) VALUES ('507', 'Huyện Krông Buk', '39');
INSERT INTO `book_store`.`province` (`id`, `name`, `city_id`) VALUES ('508', 'Huyện Krông Năng', '39');
INSERT INTO `book_store`.`province` (`id`, `name`, `city_id`) VALUES ('509', 'Huyện Ea Súp', '39');
INSERT INTO `book_store`.`province` (`id`, `name`, `city_id`) VALUES ('510', 'Huyện Cư M\'gar', '39');
INSERT INTO `book_store`.`province` (`id`, `name`, `city_id`) VALUES ('511', 'Huyện Krông Pắc', '39');
INSERT INTO `book_store`.`province` (`id`, `name`, `city_id`) VALUES ('512', 'Huyện Ea Kar', '39');
INSERT INTO `book_store`.`province` (`id`, `name`, `city_id`) VALUES ('513', 'Huyện M\'Đrắk', '39');
INSERT INTO `book_store`.`province` (`id`, `name`, `city_id`) VALUES ('514', 'Huyện Krông Ana', '39');
INSERT INTO `book_store`.`province` (`id`, `name`, `city_id`) VALUES ('515', 'Huyện Krông Bông', '39');
INSERT INTO `book_store`.`province` (`id`, `name`, `city_id`) VALUES ('516', 'Huyện Lắk', '39');
INSERT INTO `book_store`.`province` (`id`, `name`, `city_id`) VALUES ('517', 'Huyện Buôn Đôn', '39');
INSERT INTO `book_store`.`province` (`id`, `name`, `city_id`) VALUES ('518', 'Huyện Cư Kuin', '39');
INSERT INTO `book_store`.`province` (`id`, `name`, `city_id`) VALUES ('519', 'Thị Xã Buôn Hồ', '39');
INSERT INTO `book_store`.`province` (`id`, `name`, `city_id`) VALUES ('520', 'Thành phố Nha Trang', '40');
INSERT INTO `book_store`.`province` (`id`, `name`, `city_id`) VALUES ('521', 'Huyện Vạn Ninh', '40');
INSERT INTO `book_store`.`province` (`id`, `name`, `city_id`) VALUES ('522', 'Thị xã Ninh Hòa', '40');
INSERT INTO `book_store`.`province` (`id`, `name`, `city_id`) VALUES ('523', 'Huyện Diên Khánh', '40');
INSERT INTO `book_store`.`province` (`id`, `name`, `city_id`) VALUES ('524', 'Huyện Khánh Vĩnh', '40');
INSERT INTO `book_store`.`province` (`id`, `name`, `city_id`) VALUES ('525', 'Thành phố Cam Ranh', '40');
INSERT INTO `book_store`.`province` (`id`, `name`, `city_id`) VALUES ('526', 'Huyện Khánh Sơn', '40');
INSERT INTO `book_store`.`province` (`id`, `name`, `city_id`) VALUES ('527', 'Huyện Cam Lâm', '40');
INSERT INTO `book_store`.`province` (`id`, `name`, `city_id`) VALUES ('528', 'Thành phố Đà Lạt', '41');
INSERT INTO `book_store`.`province` (`id`, `name`, `city_id`) VALUES ('529', 'Thành phố Bảo Lộc', '41');
INSERT INTO `book_store`.`province` (`id`, `name`, `city_id`) VALUES ('530', 'Huyện Đức Trọng', '41');
INSERT INTO `book_store`.`province` (`id`, `name`, `city_id`) VALUES ('531', 'Huyện Di Linh', '41');
INSERT INTO `book_store`.`province` (`id`, `name`, `city_id`) VALUES ('532', 'Huyện Đơn Dương', '41');
INSERT INTO `book_store`.`province` (`id`, `name`, `city_id`) VALUES ('533', 'Huyện Lạc Dương', '41');
INSERT INTO `book_store`.`province` (`id`, `name`, `city_id`) VALUES ('534', 'Huyện Đạ Huoai', '41');
INSERT INTO `book_store`.`province` (`id`, `name`, `city_id`) VALUES ('535', 'Huyện Đạ Tẻh', '41');
INSERT INTO `book_store`.`province` (`id`, `name`, `city_id`) VALUES ('536', 'Huyện Cát Tiên', '41');
INSERT INTO `book_store`.`province` (`id`, `name`, `city_id`) VALUES ('537', 'Huyện Lâm Hà', '41');
INSERT INTO `book_store`.`province` (`id`, `name`, `city_id`) VALUES ('538', 'Huyện Bảo Lâm', '41');
INSERT INTO `book_store`.`province` (`id`, `name`, `city_id`) VALUES ('539', 'Huyện Đam Rông', '41');
INSERT INTO `book_store`.`province` (`id`, `name`, `city_id`) VALUES ('540', 'Đạ Tẻh', '41');
INSERT INTO `book_store`.`province` (`id`, `name`, `city_id`) VALUES ('541', 'Cát Tiên', '41');
INSERT INTO `book_store`.`province` (`id`, `name`, `city_id`) VALUES ('542', 'Thành phố Đồng Xoài', '42');
INSERT INTO `book_store`.`province` (`id`, `name`, `city_id`) VALUES ('543', 'Huyện Đồng Phú', '42');
INSERT INTO `book_store`.`province` (`id`, `name`, `city_id`) VALUES ('544', 'Huyện Chơn Thành', '42');
INSERT INTO `book_store`.`province` (`id`, `name`, `city_id`) VALUES ('545', 'Thị xã Bình Long', '42');
INSERT INTO `book_store`.`province` (`id`, `name`, `city_id`) VALUES ('546', 'Huyện Lộc Ninh', '42');
INSERT INTO `book_store`.`province` (`id`, `name`, `city_id`) VALUES ('547', 'Huyện Bù Đốp', '42');
INSERT INTO `book_store`.`province` (`id`, `name`, `city_id`) VALUES ('548', 'Thị xã Phước Long', '42');
INSERT INTO `book_store`.`province` (`id`, `name`, `city_id`) VALUES ('549', 'Huyện Bù Đăng', '42');
INSERT INTO `book_store`.`province` (`id`, `name`, `city_id`) VALUES ('550', 'Huyện Hớn Quản', '42');
INSERT INTO `book_store`.`province` (`id`, `name`, `city_id`) VALUES ('551', 'Huyện Bù Gia Mập', '42');
INSERT INTO `book_store`.`province` (`id`, `name`, `city_id`) VALUES ('552', 'Huyện Phú Riềng', '42');
INSERT INTO `book_store`.`province` (`id`, `name`, `city_id`) VALUES ('553', 'Thành phố Thủ Dầu Một', '43');
INSERT INTO `book_store`.`province` (`id`, `name`, `city_id`) VALUES ('554', 'Thị xã Bến Cát', '43');
INSERT INTO `book_store`.`province` (`id`, `name`, `city_id`) VALUES ('555', 'Thị xã Tân Uyên', '43');
INSERT INTO `book_store`.`province` (`id`, `name`, `city_id`) VALUES ('556', 'Thị xã Thuận An', '43');
INSERT INTO `book_store`.`province` (`id`, `name`, `city_id`) VALUES ('557', 'Thị xã Dĩ An', '43');
INSERT INTO `book_store`.`province` (`id`, `name`, `city_id`) VALUES ('558', 'Huyện Phú Giáo', '43');
INSERT INTO `book_store`.`province` (`id`, `name`, `city_id`) VALUES ('559', 'Huyện Dầu Tiếng', '43');
INSERT INTO `book_store`.`province` (`id`, `name`, `city_id`) VALUES ('560', 'Huyện Bắc Tân Uyên', '43');
INSERT INTO `book_store`.`province` (`id`, `name`, `city_id`) VALUES ('561', 'Huyện Bàu Bàng', '43');
INSERT INTO `book_store`.`province` (`id`, `name`, `city_id`) VALUES ('562', 'Thành phố Thuận An', '43');
INSERT INTO `book_store`.`province` (`id`, `name`, `city_id`) VALUES ('563', 'Thành phố Dĩ An', '43');
INSERT INTO `book_store`.`province` (`id`, `name`, `city_id`) VALUES ('564', 'Thành phố Phan Rang -Tháp Chàm', '44');
INSERT INTO `book_store`.`province` (`id`, `name`, `city_id`) VALUES ('565', 'Huyện Ninh Sơn', '44');
INSERT INTO `book_store`.`province` (`id`, `name`, `city_id`) VALUES ('566', 'Huyện Ninh Hải', '44');
INSERT INTO `book_store`.`province` (`id`, `name`, `city_id`) VALUES ('567', 'Huyện Ninh Phước', '44');
INSERT INTO `book_store`.`province` (`id`, `name`, `city_id`) VALUES ('568', 'Huyện Bác ái', '44');
INSERT INTO `book_store`.`province` (`id`, `name`, `city_id`) VALUES ('569', 'Huyện Thuận Bắc', '44');
INSERT INTO `book_store`.`province` (`id`, `name`, `city_id`) VALUES ('570', 'Huyện Thuận Nam', '44');
INSERT INTO `book_store`.`province` (`id`, `name`, `city_id`) VALUES ('571', 'Thành phố Tây Ninh', '45');
INSERT INTO `book_store`.`province` (`id`, `name`, `city_id`) VALUES ('572', 'Huyện Tân Biên', '45');
INSERT INTO `book_store`.`province` (`id`, `name`, `city_id`) VALUES ('573', 'Huyện Tân Châu', '45');
INSERT INTO `book_store`.`province` (`id`, `name`, `city_id`) VALUES ('574', 'Huyện Dương Minh Châu', '45');
INSERT INTO `book_store`.`province` (`id`, `name`, `city_id`) VALUES ('575', 'Huyện Châu Thành', '45');
INSERT INTO `book_store`.`province` (`id`, `name`, `city_id`) VALUES ('576', 'Huyện Hòa Thành', '45');
INSERT INTO `book_store`.`province` (`id`, `name`, `city_id`) VALUES ('577', 'Huyện Bến Cầu', '45');
INSERT INTO `book_store`.`province` (`id`, `name`, `city_id`) VALUES ('578', 'Huyện Gò Dầu', '45');
INSERT INTO `book_store`.`province` (`id`, `name`, `city_id`) VALUES ('579', 'Huyện Trảng Bàng', '45');
INSERT INTO `book_store`.`province` (`id`, `name`, `city_id`) VALUES ('580', 'Thị xã Hòa Thành', '45');
INSERT INTO `book_store`.`province` (`id`, `name`, `city_id`) VALUES ('581', 'Thị xã Trảng Bàng', '45');
INSERT INTO `book_store`.`province` (`id`, `name`, `city_id`) VALUES ('582', 'Thành phố Phan Thiết', '46');
INSERT INTO `book_store`.`province` (`id`, `name`, `city_id`) VALUES ('583', 'Huyện Tuy Phong', '46');
INSERT INTO `book_store`.`province` (`id`, `name`, `city_id`) VALUES ('584', 'Huyện Bắc Bình', '46');
INSERT INTO `book_store`.`province` (`id`, `name`, `city_id`) VALUES ('585', 'Huyện Hàm Thuận Bắc', '46');
INSERT INTO `book_store`.`province` (`id`, `name`, `city_id`) VALUES ('586', 'Huyện Hàm Thuận Nam', '46');
INSERT INTO `book_store`.`province` (`id`, `name`, `city_id`) VALUES ('587', 'Huyện Hàm Tân', '46');
INSERT INTO `book_store`.`province` (`id`, `name`, `city_id`) VALUES ('588', 'Huyện Đức Linh', '46');
INSERT INTO `book_store`.`province` (`id`, `name`, `city_id`) VALUES ('589', 'Huyện Tánh Linh', '46');
INSERT INTO `book_store`.`province` (`id`, `name`, `city_id`) VALUES ('590', 'Huyện đảo Phú Quý', '46');
INSERT INTO `book_store`.`province` (`id`, `name`, `city_id`) VALUES ('591', 'Thị xã La Gi', '46');
INSERT INTO `book_store`.`province` (`id`, `name`, `city_id`) VALUES ('592', 'Huyện Đức Linh', '46');
INSERT INTO `book_store`.`province` (`id`, `name`, `city_id`) VALUES ('593', 'Huyện đảo Phú Quý', '46');
INSERT INTO `book_store`.`province` (`id`, `name`, `city_id`) VALUES ('594', 'Thành phố Biên Hòa', '47');
INSERT INTO `book_store`.`province` (`id`, `name`, `city_id`) VALUES ('595', 'Huyện Vĩnh Cửu', '47');
INSERT INTO `book_store`.`province` (`id`, `name`, `city_id`) VALUES ('596', 'Huyện Tân Phú', '47');
INSERT INTO `book_store`.`province` (`id`, `name`, `city_id`) VALUES ('597', 'Huyện Định Quán', '47');
INSERT INTO `book_store`.`province` (`id`, `name`, `city_id`) VALUES ('598', 'Huyện Thống Nhất', '47');
INSERT INTO `book_store`.`province` (`id`, `name`, `city_id`) VALUES ('599', 'Thị xã Long Khánh', '47');
INSERT INTO `book_store`.`province` (`id`, `name`, `city_id`) VALUES ('600', 'Huyện Xuân Lộc', '47');
INSERT INTO `book_store`.`province` (`id`, `name`, `city_id`) VALUES ('601', 'Huyện Long Thành', '47');
INSERT INTO `book_store`.`province` (`id`, `name`, `city_id`) VALUES ('602', 'Huyện Nhơn Trạch', '47');
INSERT INTO `book_store`.`province` (`id`, `name`, `city_id`) VALUES ('603', 'Huyện Trảng Bom', '47');
INSERT INTO `book_store`.`province` (`id`, `name`, `city_id`) VALUES ('604', 'Huyện Cẩm Mỹ', '47');
INSERT INTO `book_store`.`province` (`id`, `name`, `city_id`) VALUES ('605', 'Thành phố Long Khánh', '47');
INSERT INTO `book_store`.`province` (`id`, `name`, `city_id`) VALUES ('606', 'Thành phố Tân An', '48');
INSERT INTO `book_store`.`province` (`id`, `name`, `city_id`) VALUES ('607', 'Huyện Vĩnh Hưng', '48');
INSERT INTO `book_store`.`province` (`id`, `name`, `city_id`) VALUES ('608', 'Huyện Mộc Hóa', '48');
INSERT INTO `book_store`.`province` (`id`, `name`, `city_id`) VALUES ('609', 'Huyện Tân Thạnh', '48');
INSERT INTO `book_store`.`province` (`id`, `name`, `city_id`) VALUES ('610', 'Huyện Thạnh Hóa', '48');
INSERT INTO `book_store`.`province` (`id`, `name`, `city_id`) VALUES ('611', 'Huyện Đức Huệ', '48');
INSERT INTO `book_store`.`province` (`id`, `name`, `city_id`) VALUES ('612', 'Huyện Đức Hòa', '48');
INSERT INTO `book_store`.`province` (`id`, `name`, `city_id`) VALUES ('613', 'Huyện Bến Lức', '48');
INSERT INTO `book_store`.`province` (`id`, `name`, `city_id`) VALUES ('614', 'Huyện Thủ Thừa', '48');
INSERT INTO `book_store`.`province` (`id`, `name`, `city_id`) VALUES ('615', 'Huyện Châu Thành', '48');
INSERT INTO `book_store`.`province` (`id`, `name`, `city_id`) VALUES ('616', 'Huyện Tân Trụ', '48');
INSERT INTO `book_store`.`province` (`id`, `name`, `city_id`) VALUES ('617', 'Huyện Cần Đước', '48');
INSERT INTO `book_store`.`province` (`id`, `name`, `city_id`) VALUES ('618', 'Huyện Cần Giuộc', '48');
INSERT INTO `book_store`.`province` (`id`, `name`, `city_id`) VALUES ('619', 'Huyện Tân Hưng', '48');
INSERT INTO `book_store`.`province` (`id`, `name`, `city_id`) VALUES ('620', 'Thị xã Kiến Tường', '48');
INSERT INTO `book_store`.`province` (`id`, `name`, `city_id`) VALUES ('621', 'Huyện Châu Thành', '49');
INSERT INTO `book_store`.`province` (`id`, `name`, `city_id`) VALUES ('622', 'Huyện Lai Vung', '49');
INSERT INTO `book_store`.`province` (`id`, `name`, `city_id`) VALUES ('623', 'Huyện Lấp Vò', '49');
INSERT INTO `book_store`.`province` (`id`, `name`, `city_id`) VALUES ('624', 'Thành phố Sa Đéc', '49');
INSERT INTO `book_store`.`province` (`id`, `name`, `city_id`) VALUES ('625', 'Thành phố Cao Lãnh', '49');
INSERT INTO `book_store`.`province` (`id`, `name`, `city_id`) VALUES ('626', 'Huyện Cao Lãnh', '49');
INSERT INTO `book_store`.`province` (`id`, `name`, `city_id`) VALUES ('627', 'Huyện Tháp Mười', '49');
INSERT INTO `book_store`.`province` (`id`, `name`, `city_id`) VALUES ('628', 'Huyện Tam Nông', '49');
INSERT INTO `book_store`.`province` (`id`, `name`, `city_id`) VALUES ('629', 'Huyện Thanh Bình', '49');
INSERT INTO `book_store`.`province` (`id`, `name`, `city_id`) VALUES ('630', 'Thị xã Hồng Ngự', '49');
INSERT INTO `book_store`.`province` (`id`, `name`, `city_id`) VALUES ('631', 'Huyện Hồng Ngự', '49');
INSERT INTO `book_store`.`province` (`id`, `name`, `city_id`) VALUES ('632', 'Huyện Tân Hồng', '49');
INSERT INTO `book_store`.`province` (`id`, `name`, `city_id`) VALUES ('633', 'Thành phố Hồng Ngự', '49');
INSERT INTO `book_store`.`province` (`id`, `name`, `city_id`) VALUES ('634', 'Thành phố Long Xuyên', '50');
INSERT INTO `book_store`.`province` (`id`, `name`, `city_id`) VALUES ('635', 'Thành phố Châu Đốc', '50');
INSERT INTO `book_store`.`province` (`id`, `name`, `city_id`) VALUES ('636', 'Huyện An Phú', '50');
INSERT INTO `book_store`.`province` (`id`, `name`, `city_id`) VALUES ('637', 'Thị xã Tân Châu', '50');
INSERT INTO `book_store`.`province` (`id`, `name`, `city_id`) VALUES ('638', 'Huyện Phú Tân', '50');
INSERT INTO `book_store`.`province` (`id`, `name`, `city_id`) VALUES ('639', 'Huyện Tịnh Biên', '50');
INSERT INTO `book_store`.`province` (`id`, `name`, `city_id`) VALUES ('640', 'Huyện Tri Tôn', '50');
INSERT INTO `book_store`.`province` (`id`, `name`, `city_id`) VALUES ('641', 'Huyện Châu Phú', '50');
INSERT INTO `book_store`.`province` (`id`, `name`, `city_id`) VALUES ('642', 'Huyện Chợ Mới', '50');
INSERT INTO `book_store`.`province` (`id`, `name`, `city_id`) VALUES ('643', 'Huyện Châu Thành', '50');
INSERT INTO `book_store`.`province` (`id`, `name`, `city_id`) VALUES ('644', 'Huyện Thoại Sơn', '50');
INSERT INTO `book_store`.`province` (`id`, `name`, `city_id`) VALUES ('645', 'Thành phố Vũng Tàu', '51');
INSERT INTO `book_store`.`province` (`id`, `name`, `city_id`) VALUES ('646', 'Thành phố Bà Rịa', '51');
INSERT INTO `book_store`.`province` (`id`, `name`, `city_id`) VALUES ('647', 'Huyện Xuyên Mộc', '51');
INSERT INTO `book_store`.`province` (`id`, `name`, `city_id`) VALUES ('648', 'Huyện Long Điền', '51');
INSERT INTO `book_store`.`province` (`id`, `name`, `city_id`) VALUES ('649', 'Huyện Côn Đảo', '51');
INSERT INTO `book_store`.`province` (`id`, `name`, `city_id`) VALUES ('650', 'Thị xã Phú Mỹ', '51');
INSERT INTO `book_store`.`province` (`id`, `name`, `city_id`) VALUES ('651', 'Huyện Châu Đức', '51');
INSERT INTO `book_store`.`province` (`id`, `name`, `city_id`) VALUES ('652', 'Huyện Đất Đỏ', '51');
INSERT INTO `book_store`.`province` (`id`, `name`, `city_id`) VALUES ('653', 'Thành phố Mỹ Tho', '52');
INSERT INTO `book_store`.`province` (`id`, `name`, `city_id`) VALUES ('654', 'Thị xã Gò Công', '52');
INSERT INTO `book_store`.`province` (`id`, `name`, `city_id`) VALUES ('655', 'Huyện Cái Bè', '52');
INSERT INTO `book_store`.`province` (`id`, `name`, `city_id`) VALUES ('656', 'Huyện Cai Lậy', '52');
INSERT INTO `book_store`.`province` (`id`, `name`, `city_id`) VALUES ('657', 'Huyện Châu Thành', '52');
INSERT INTO `book_store`.`province` (`id`, `name`, `city_id`) VALUES ('658', 'Huyện Chợ Gạo', '52');
INSERT INTO `book_store`.`province` (`id`, `name`, `city_id`) VALUES ('659', 'Huyện Gò Công Tây', '52');
INSERT INTO `book_store`.`province` (`id`, `name`, `city_id`) VALUES ('660', 'Huyện Gò Công Đông', '52');
INSERT INTO `book_store`.`province` (`id`, `name`, `city_id`) VALUES ('661', 'Huyện Tân Phước', '52');
INSERT INTO `book_store`.`province` (`id`, `name`, `city_id`) VALUES ('662', 'Huyện Tân Phú Đông', '52');
INSERT INTO `book_store`.`province` (`id`, `name`, `city_id`) VALUES ('663', 'Thị xã Cai Lậy', '52');
INSERT INTO `book_store`.`province` (`id`, `name`, `city_id`) VALUES ('664', 'Huyện Tân Phú Đông', '52');
INSERT INTO `book_store`.`province` (`id`, `name`, `city_id`) VALUES ('665', 'Thành phố Rạch Giá', '53');
INSERT INTO `book_store`.`province` (`id`, `name`, `city_id`) VALUES ('666', 'Thành phố Hà Tiên', '53');
INSERT INTO `book_store`.`province` (`id`, `name`, `city_id`) VALUES ('667', 'Huyện Kiên Lương', '53');
INSERT INTO `book_store`.`province` (`id`, `name`, `city_id`) VALUES ('668', 'Huyện Hòn Đất', '53');
INSERT INTO `book_store`.`province` (`id`, `name`, `city_id`) VALUES ('669', 'Huyện Tân Hiệp', '53');
INSERT INTO `book_store`.`province` (`id`, `name`, `city_id`) VALUES ('670', 'Huyện Châu Thành', '53');
INSERT INTO `book_store`.`province` (`id`, `name`, `city_id`) VALUES ('671', 'Huyện Giồng Riềng', '53');
INSERT INTO `book_store`.`province` (`id`, `name`, `city_id`) VALUES ('672', 'Huyện Gò Quao', '53');
INSERT INTO `book_store`.`province` (`id`, `name`, `city_id`) VALUES ('673', 'Huyện An Biên', '53');
INSERT INTO `book_store`.`province` (`id`, `name`, `city_id`) VALUES ('674', 'Huyện An Minh', '53');
INSERT INTO `book_store`.`province` (`id`, `name`, `city_id`) VALUES ('675', 'Huyện Vĩnh Thuận', '53');
INSERT INTO `book_store`.`province` (`id`, `name`, `city_id`) VALUES ('676', 'Huyện Phú Quốc', '53');
INSERT INTO `book_store`.`province` (`id`, `name`, `city_id`) VALUES ('677', 'Huyện Kiên Hải', '53');
INSERT INTO `book_store`.`province` (`id`, `name`, `city_id`) VALUES ('678', 'Huyện U Minh Thượng', '53');
INSERT INTO `book_store`.`province` (`id`, `name`, `city_id`) VALUES ('679', 'Huyện Giang Thành', '53');
INSERT INTO `book_store`.`province` (`id`, `name`, `city_id`) VALUES ('680', 'Thành phố Phú Quốc', '53');
INSERT INTO `book_store`.`province` (`id`, `name`, `city_id`) VALUES ('681', 'Quận Ninh Kiều', '54');
INSERT INTO `book_store`.`province` (`id`, `name`, `city_id`) VALUES ('682', 'Quận Bình Thủy', '54');
INSERT INTO `book_store`.`province` (`id`, `name`, `city_id`) VALUES ('683', 'Quận Cái Răng', '54');
INSERT INTO `book_store`.`province` (`id`, `name`, `city_id`) VALUES ('684', 'Quận Ô Môn', '54');
INSERT INTO `book_store`.`province` (`id`, `name`, `city_id`) VALUES ('685', 'Huyện Phong Điền', '54');
INSERT INTO `book_store`.`province` (`id`, `name`, `city_id`) VALUES ('686', 'Huyện Cờ Đỏ', '54');
INSERT INTO `book_store`.`province` (`id`, `name`, `city_id`) VALUES ('687', 'Huyện Vĩnh Thạnh', '54');
INSERT INTO `book_store`.`province` (`id`, `name`, `city_id`) VALUES ('688', 'Quận Thốt Nốt', '54');
INSERT INTO `book_store`.`province` (`id`, `name`, `city_id`) VALUES ('689', 'Huyện Thới Lai', '54');
INSERT INTO `book_store`.`province` (`id`, `name`, `city_id`) VALUES ('690', 'Huyện Cờ Đỏ', '54');
INSERT INTO `book_store`.`province` (`id`, `name`, `city_id`) VALUES ('691', 'Thành phố Bến Tre', '55');
INSERT INTO `book_store`.`province` (`id`, `name`, `city_id`) VALUES ('692', 'Huyện Châu Thành', '55');
INSERT INTO `book_store`.`province` (`id`, `name`, `city_id`) VALUES ('693', 'Huyện Chợ Lách', '55');
INSERT INTO `book_store`.`province` (`id`, `name`, `city_id`) VALUES ('694', 'Huyện Mỏ Cày Bắc', '55');
INSERT INTO `book_store`.`province` (`id`, `name`, `city_id`) VALUES ('695', 'Huyện Giồng Trôm', '55');
INSERT INTO `book_store`.`province` (`id`, `name`, `city_id`) VALUES ('696', 'Huyện Bình Đại', '55');
INSERT INTO `book_store`.`province` (`id`, `name`, `city_id`) VALUES ('697', 'Huyện Ba Tri', '55');
INSERT INTO `book_store`.`province` (`id`, `name`, `city_id`) VALUES ('698', 'Huyện Thạnh Phú', '55');
INSERT INTO `book_store`.`province` (`id`, `name`, `city_id`) VALUES ('699', 'Huyện Mỏ Cày Nam', '55');
INSERT INTO `book_store`.`province` (`id`, `name`, `city_id`) VALUES ('700', 'Huyện Mỏ Cày Nam', '55');
INSERT INTO `book_store`.`province` (`id`, `name`, `city_id`) VALUES ('701', 'Huyện Châu Thành', '55');
INSERT INTO `book_store`.`province` (`id`, `name`, `city_id`) VALUES ('702', 'Thành phố Vĩnh Long', '56');
INSERT INTO `book_store`.`province` (`id`, `name`, `city_id`) VALUES ('703', 'Huyện Long Hồ', '56');
INSERT INTO `book_store`.`province` (`id`, `name`, `city_id`) VALUES ('704', 'Huyện Mang Thít', '56');
INSERT INTO `book_store`.`province` (`id`, `name`, `city_id`) VALUES ('705', 'Thị xã Bình Minh', '56');
INSERT INTO `book_store`.`province` (`id`, `name`, `city_id`) VALUES ('706', 'Huyện Tam Bình', '56');
INSERT INTO `book_store`.`province` (`id`, `name`, `city_id`) VALUES ('707', 'Huyện Trà Ôn', '56');
INSERT INTO `book_store`.`province` (`id`, `name`, `city_id`) VALUES ('708', 'Huyện Vũng Liêm', '56');
INSERT INTO `book_store`.`province` (`id`, `name`, `city_id`) VALUES ('709', 'Huyện Bình Tân', '56');
INSERT INTO `book_store`.`province` (`id`, `name`, `city_id`) VALUES ('710', 'Thành phố Trà Vinh', '57');
INSERT INTO `book_store`.`province` (`id`, `name`, `city_id`) VALUES ('711', 'Huyện Càng Long', '57');
INSERT INTO `book_store`.`province` (`id`, `name`, `city_id`) VALUES ('712', 'Huyện Cầu Kè', '57');
INSERT INTO `book_store`.`province` (`id`, `name`, `city_id`) VALUES ('713', 'Huyện Tiểu Cần', '57');
INSERT INTO `book_store`.`province` (`id`, `name`, `city_id`) VALUES ('714', 'Huyện Châu Thành', '57');
INSERT INTO `book_store`.`province` (`id`, `name`, `city_id`) VALUES ('715', 'Huyện Trà Cú', '57');
INSERT INTO `book_store`.`province` (`id`, `name`, `city_id`) VALUES ('716', 'Huyện Cầu Ngang', '57');
INSERT INTO `book_store`.`province` (`id`, `name`, `city_id`) VALUES ('717', 'Huyện Duyên Hải', '57');
INSERT INTO `book_store`.`province` (`id`, `name`, `city_id`) VALUES ('718', 'Thị xã Duyên Hải', '57');
INSERT INTO `book_store`.`province` (`id`, `name`, `city_id`) VALUES ('719', 'Thành phố Sóc Trăng', '58');
INSERT INTO `book_store`.`province` (`id`, `name`, `city_id`) VALUES ('720', 'Huyện Kế Sách', '58');
INSERT INTO `book_store`.`province` (`id`, `name`, `city_id`) VALUES ('721', 'Huyện Mỹ Tú', '58');
INSERT INTO `book_store`.`province` (`id`, `name`, `city_id`) VALUES ('722', 'Huyện Mỹ Xuyên', '58');
INSERT INTO `book_store`.`province` (`id`, `name`, `city_id`) VALUES ('723', 'Huyện Thạnh Trị', '58');
INSERT INTO `book_store`.`province` (`id`, `name`, `city_id`) VALUES ('724', 'Huyện Long Phú', '58');
INSERT INTO `book_store`.`province` (`id`, `name`, `city_id`) VALUES ('725', 'Thị xã Vĩnh Châu', '58');
INSERT INTO `book_store`.`province` (`id`, `name`, `city_id`) VALUES ('726', 'Huyện Cù Lao Dung', '58');
INSERT INTO `book_store`.`province` (`id`, `name`, `city_id`) VALUES ('727', 'Thị xã Ngã Năm', '58');
INSERT INTO `book_store`.`province` (`id`, `name`, `city_id`) VALUES ('728', 'Huyện Châu Thành', '58');
INSERT INTO `book_store`.`province` (`id`, `name`, `city_id`) VALUES ('729', 'Huyện Trần Đề', '58');
INSERT INTO `book_store`.`province` (`id`, `name`, `city_id`) VALUES ('730', 'Thành phố Bạc Liêu', '59');
INSERT INTO `book_store`.`province` (`id`, `name`, `city_id`) VALUES ('731', 'Huyện Vĩnh Lợi', '59');
INSERT INTO `book_store`.`province` (`id`, `name`, `city_id`) VALUES ('732', 'Huyện Hồng Dân', '59');
INSERT INTO `book_store`.`province` (`id`, `name`, `city_id`) VALUES ('733', 'Thị xã Giá Rai', '59');
INSERT INTO `book_store`.`province` (`id`, `name`, `city_id`) VALUES ('734', 'Huyện Phước Long', '59');
INSERT INTO `book_store`.`province` (`id`, `name`, `city_id`) VALUES ('735', 'Huyện Đông Hải', '59');
INSERT INTO `book_store`.`province` (`id`, `name`, `city_id`) VALUES ('736', 'Huyện Hòa Bình', '59');
INSERT INTO `book_store`.`province` (`id`, `name`, `city_id`) VALUES ('737', 'Thành phố Cà Mau', '60');
INSERT INTO `book_store`.`province` (`id`, `name`, `city_id`) VALUES ('738', 'Huyện Thới Bình', '60');
INSERT INTO `book_store`.`province` (`id`, `name`, `city_id`) VALUES ('739', 'Huyện U Minh', '60');
INSERT INTO `book_store`.`province` (`id`, `name`, `city_id`) VALUES ('740', 'Huyện Trần Văn Thời', '60');
INSERT INTO `book_store`.`province` (`id`, `name`, `city_id`) VALUES ('741', 'Huyện Cái Nước', '60');
INSERT INTO `book_store`.`province` (`id`, `name`, `city_id`) VALUES ('742', 'Huyện Đầm Dơi', '60');
INSERT INTO `book_store`.`province` (`id`, `name`, `city_id`) VALUES ('743', 'Huyện Ngọc Hiển', '60');
INSERT INTO `book_store`.`province` (`id`, `name`, `city_id`) VALUES ('744', 'Huyện Năm Căn', '60');
INSERT INTO `book_store`.`province` (`id`, `name`, `city_id`) VALUES ('745', 'Huyện Phú Tân', '60');
INSERT INTO `book_store`.`province` (`id`, `name`, `city_id`) VALUES ('746', 'Thành phố Điện Biên Phủ', '61');
INSERT INTO `book_store`.`province` (`id`, `name`, `city_id`) VALUES ('747', 'Thị xã Mường Lay', '61');
INSERT INTO `book_store`.`province` (`id`, `name`, `city_id`) VALUES ('748', 'Huyện Điện Biên', '61');
INSERT INTO `book_store`.`province` (`id`, `name`, `city_id`) VALUES ('749', 'Huyện Tuần Giáo', '61');
INSERT INTO `book_store`.`province` (`id`, `name`, `city_id`) VALUES ('750', 'Huyện Mường Chà', '61');
INSERT INTO `book_store`.`province` (`id`, `name`, `city_id`) VALUES ('751', 'Huyện Tủa Chùa', '61');
INSERT INTO `book_store`.`province` (`id`, `name`, `city_id`) VALUES ('752', 'Huyện Điện Biên Đông', '61');
INSERT INTO `book_store`.`province` (`id`, `name`, `city_id`) VALUES ('753', 'Huyện Mường Nhé', '61');
INSERT INTO `book_store`.`province` (`id`, `name`, `city_id`) VALUES ('754', 'Huyện Mường Ảng', '61');
INSERT INTO `book_store`.`province` (`id`, `name`, `city_id`) VALUES ('755', 'Huyện Nậm Pồ', '61');
INSERT INTO `book_store`.`province` (`id`, `name`, `city_id`) VALUES ('756', 'Thành phố Gia Nghĩa', '62');
INSERT INTO `book_store`.`province` (`id`, `name`, `city_id`) VALUES ('757', 'Huyện Đăk R\'Lấp', '62');
INSERT INTO `book_store`.`province` (`id`, `name`, `city_id`) VALUES ('758', 'Huyện Đăk Mil', '62');
INSERT INTO `book_store`.`province` (`id`, `name`, `city_id`) VALUES ('759', 'Huyện Cư Jút', '62');
INSERT INTO `book_store`.`province` (`id`, `name`, `city_id`) VALUES ('760', 'Huyện Đăk Song', '62');
INSERT INTO `book_store`.`province` (`id`, `name`, `city_id`) VALUES ('761', 'Huyện Krông Nô', '62');
INSERT INTO `book_store`.`province` (`id`, `name`, `city_id`) VALUES ('762', 'Huyện Đăk GLong', '62');
INSERT INTO `book_store`.`province` (`id`, `name`, `city_id`) VALUES ('763', 'Huyện Tuy Đức', '62');
INSERT INTO `book_store`.`province` (`id`, `name`, `city_id`) VALUES ('764', 'Thành phố Vị Thanh', '63');
INSERT INTO `book_store`.`province` (`id`, `name`, `city_id`) VALUES ('765', 'Huyện Vị Thủy', '63');
INSERT INTO `book_store`.`province` (`id`, `name`, `city_id`) VALUES ('766', 'Huyện Long Mỹ', '63');
INSERT INTO `book_store`.`province` (`id`, `name`, `city_id`) VALUES ('767', 'Huyện Phụng Hiệp', '63');
INSERT INTO `book_store`.`province` (`id`, `name`, `city_id`) VALUES ('768', 'Huyện Châu Thành', '63');
INSERT INTO `book_store`.`province` (`id`, `name`, `city_id`) VALUES ('769', 'Huyện Châu Thành A', '63');
INSERT INTO `book_store`.`province` (`id`, `name`, `city_id`) VALUES ('770', 'Thị xã Ngã Bảy', '63');
INSERT INTO `book_store`.`province` (`id`, `name`, `city_id`) VALUES ('771', 'Thị xã Long Mỹ', '63');
INSERT INTO `book_store`.`province` (`id`, `name`, `city_id`) VALUES ('772', 'Thành phố Ngã Bảy', '63');

-- ------------------------thể loại sách--------------------------------------------------------
INSERT INTO `book_store`.`category` (`name`) VALUES ('Chính trị – pháp luật');
INSERT INTO `book_store`.`category` (`name`) VALUES ('Khoa học công nghệ');
INSERT INTO `book_store`.`category` (`name`) VALUES ('Kinh tế');
INSERT INTO `book_store`.`category` (`name`) VALUES ('Văn học nghệ thuật');
INSERT INTO `book_store`.`category` (`name`) VALUES ('Văn hóa xã hội');
INSERT INTO `book_store`.`category` (`name`) VALUES ('Lịch sử');
INSERT INTO `book_store`.`category` (`name`) VALUES ('Giáo trình');
INSERT INTO `book_store`.`category` (`name`) VALUES ('Tiểu thuyết');
INSERT INTO `book_store`.`category` (`name`) VALUES ('Truyện ngắn');
INSERT INTO `book_store`.`category` (`name`) VALUES ('Tâm lý, tâm linh, tôn giáo');
INSERT INTO `book_store`.`category` (`name`) VALUES ('Sách thiếu nhi');
INSERT INTO `book_store`.`category` (`name`) VALUES ('Thơ');
INSERT INTO `book_store`.`category` (`name`) VALUES ('Tản văn');
INSERT INTO `book_store`.`category` (`name`) VALUES ('Tư duy - Kỹ năng sống');
INSERT INTO `book_store`.`category` (`name`) VALUES ('Seft-help');
INSERT INTO `book_store`.`category` (`name`) VALUES ('Văn học nước ngoài');
INSERT INTO `book_store`.`category` (`name`) VALUES ('Văn học Việt Nam');
INSERT INTO `book_store`.`category` (`name`) VALUES ('Thần Thoại');

-- ---------------------------- role -----------------------------

INSERT INTO `book_store`.`app_role` (`role`) VALUES ('ROLE_USER'); 

-- -------------------------- address -------------------------------

INSERT INTO `book_store`.`address` (`street`, `province_id`) VALUES ('12 Trần Hưng Đạo', '1');
INSERT INTO `book_store`.`address` (`street`, `province_id`) VALUES ('33 Trần Phú', '5');
INSERT INTO `book_store`.`address` (`street`, `province_id`) VALUES ('58 Lê Lợi', '55');
INSERT INTO `book_store`.`address` (`street`, `province_id`) VALUES ('844 Lê Lai', '444');
INSERT INTO `book_store`.`address` (`street`, `province_id`) VALUES ('33 Lê Hồng Phong', '32');
INSERT INTO `book_store`.`address` (`street`, `province_id`) VALUES ('90 Lê Độ', '123');
INSERT INTO `book_store`.`address` (`street`, `province_id`) VALUES ('89 Lê Đại Hành', '344');
INSERT INTO `book_store`.`address` (`street`, `province_id`) VALUES ('21 Lê Lợi', '333');
INSERT INTO `book_store`.`address` (`street`, `province_id`) VALUES ('2 Lý Thái Tổ', '10');
INSERT INTO `book_store`.`address` (`street`, `province_id`) VALUES ('23 Trần Bình Trọng', '111');

 
-- --------------------------user ---------------------------

INSERT INTO `book_store`.`app_user` (`email`, `name`, `phone`, `address_id`) VALUES ('tranvana@gmail.com', 'Trần Văn An', '0125485625', '1');
INSERT INTO `book_store`.`app_user` (`email`, `name`, `phone`, `address_id`) VALUES ('nguyenthihoa@gmail.com', 'Nguyễn Thị Hòa', '0221526235', '2');
INSERT INTO `book_store`.`app_user` (`email`, `name`, `phone`, `address_id`) VALUES ('01662121970ax@gmail.com', 'Trần Hoàng Long', '0475458545', '3');
INSERT INTO `book_store`.`app_user` (`email`, `name`, `phone`, `address_id`) VALUES ('1232@gmail.com', 'Lê Thị Hồng Thắm', '0356598585', '4');
INSERT INTO `book_store`.`app_user` (`email`, `name`, `phone`, `address_id`) VALUES ('trigaugau@gmail.com', 'Đào Minh Trí', '0475845854', '5');
INSERT INTO `book_store`.`app_user` (`email`, `name`, `phone`, `address_id`) VALUES ('sdjhskjhdkjfgh@gmail.com', 'Đặng Văn Lâm', '0959595959', '6');
INSERT INTO `book_store`.`app_user` (`email`, `name`, `phone`, `address_id`) VALUES ('trungtrungtrung@gmai;.com', 'Huỳnh Quốc Trung', '0111111111', '7');
INSERT INTO `book_store`.`app_user` (`email`, `name`, `phone`, `address_id`) VALUES ('huyquanhoa@gmail.com', 'Lê Quốc Huy', '0987878574', '8');
INSERT INTO `book_store`.`app_user` (`email`, `name`, `phone`, `address_id`) VALUES ('123321123@gmail.com', 'Nguyễn Trần Thị Bé', '0685958585', '9');
INSERT INTO `book_store`.`app_user` (`email`, `name`, `phone`, `address_id`) VALUES ('jhghghghghghg@gmail.com', 'Lê Thị Nở', '0333222356', '10');

-- ------------------------- account ----------------------------------------
INSERT INTO `book_store`.`account` (`password`, `username`, `user_id`) VALUES ('$2a$10$PrI5Gk9L.tSZiW9FXhTS8O8Mz9E97k2FZbFvGFFaSsiTUIl.TCrFu', 'user1', '1');
INSERT INTO `book_store`.`account` (`password`, `username`, `user_id`) VALUES ('$2a$10$PrI5Gk9L.tSZiW9FXhTS8O8Mz9E97k2FZbFvGFFaSsiTUIl.TCrFu', 'user2', '2');
INSERT INTO `book_store`.`account` (`password`, `username`, `user_id`) VALUES ('$2a$10$PrI5Gk9L.tSZiW9FXhTS8O8Mz9E97k2FZbFvGFFaSsiTUIl.TCrFu', 'longdeptrai', '3');
INSERT INTO `book_store`.`account` (`password`, `username`, `user_id`) VALUES ('$2a$10$PrI5Gk9L.tSZiW9FXhTS8O8Mz9E97k2FZbFvGFFaSsiTUIl.TCrFu', 'user4', '4');
INSERT INTO `book_store`.`account` (`password`, `username`, `user_id`) VALUES ('$2a$10$PrI5Gk9L.tSZiW9FXhTS8O8Mz9E97k2FZbFvGFFaSsiTUIl.TCrFu', 'user5', '5');
INSERT INTO `book_store`.`account` (`password`, `username`, `user_id`) VALUES ('$2a$10$PrI5Gk9L.tSZiW9FXhTS8O8Mz9E97k2FZbFvGFFaSsiTUIl.TCrFu', 'user6', '6');
INSERT INTO `book_store`.`account` (`password`, `username`, `user_id`) VALUES ('$2a$10$PrI5Gk9L.tSZiW9FXhTS8O8Mz9E97k2FZbFvGFFaSsiTUIl.TCrFu', 'user7', '7');
INSERT INTO `book_store`.`account` (`password`, `username`, `user_id`) VALUES ('$2a$10$PrI5Gk9L.tSZiW9FXhTS8O8Mz9E97k2FZbFvGFFaSsiTUIl.TCrFu', 'user8', '8');
INSERT INTO `book_store`.`account` (`password`, `username`, `user_id`) VALUES ('$2a$10$PrI5Gk9L.tSZiW9FXhTS8O8Mz9E97k2FZbFvGFFaSsiTUIl.TCrFu', 'user9', '9');
INSERT INTO `book_store`.`account` (`password`, `username`, `user_id`) VALUES ('$2a$10$PrI5Gk9L.tSZiW9FXhTS8O8Mz9E97k2FZbFvGFFaSsiTUIl.TCrFu', 'user10', '10');


--  --------------------- account_role ----------------------------------------------

INSERT INTO `book_store`.`account_role` (`role_id`, `account_id`) VALUES ('1', '1');
INSERT INTO `book_store`.`account_role` (`role_id`, `account_id`) VALUES ('1', '2');
INSERT INTO `book_store`.`account_role` (`role_id`, `account_id`) VALUES ('1', '3');
INSERT INTO `book_store`.`account_role` (`role_id`, `account_id`) VALUES ('1', '4');
INSERT INTO `book_store`.`account_role` (`role_id`, `account_id`) VALUES ('1', '5');
INSERT INTO `book_store`.`account_role` (`role_id`, `account_id`) VALUES ('1', '6');
INSERT INTO `book_store`.`account_role` (`role_id`, `account_id`) VALUES ('1', '7');
INSERT INTO `book_store`.`account_role` (`role_id`, `account_id`) VALUES ('1', '8');
INSERT INTO `book_store`.`account_role` (`role_id`, `account_id`) VALUES ('1', '9');
INSERT INTO `book_store`.`account_role` (`role_id`, `account_id`) VALUES ('1', '10');


-- ------------------------------- author ---------------------------------

INSERT INTO `book_store`.`author` (`name`) VALUES ('Cao Minh');
INSERT INTO `book_store`.`author` (`name`) VALUES ('Nguyên Phong');
INSERT INTO `book_store`.`author` (`name`) VALUES ('Thích Nhất Hạnh');
INSERT INTO `book_store`.`author` (`name`) VALUES ('Tô Hoài');
INSERT INTO `book_store`.`author` (`name`) VALUES ('Haruki Murakami');
INSERT INTO `book_store`.`author` (`name`) VALUES ('Ngô Tất Tố');
INSERT INTO `book_store`.`author` (`name`) VALUES ('Nam Cao');
INSERT INTO `book_store`.`author` (`name`) VALUES ('Vũ Trọng Phụng');
INSERT INTO `book_store`.`author` (`name`) VALUES ('J. K. Rowling');
INSERT INTO `book_store`.`author` (`name`) VALUES ('J. R. R. Tolkien');
INSERT INTO `book_store`.`author` (`name`) VALUES ('George R. R. Martin');
 
 
 -- -------------- publisher --------------------------
 
 
 INSERT INTO `book_store`.`publisher` (`name`) VALUES ('Nhà Xuất Bản Tổng hợp TP.HCM');
INSERT INTO `book_store`.`publisher` (`name`) VALUES ('Nhà Xuất Bản Thế Giới');
INSERT INTO `book_store`.`publisher` (`name`) VALUES ('Nhà Xuất Bản Đà Nẵng');
INSERT INTO `book_store`.`publisher` (`name`) VALUES ('Nhà Xuất Bản Lao Động');
INSERT INTO `book_store`.`publisher` (`name`) VALUES ('Nhà Xuất Bản Hồng Đức');
INSERT INTO `book_store`.`publisher` (`name`) VALUES ('Nhà Xuất Bản Kim Đồng');
INSERT INTO `book_store`.`publisher` (`name`) VALUES ('Nhà Xuất Bản Hội Nhà Văn');
INSERT INTO `book_store`.`publisher` (`name`) VALUES ('Nhà Xuất Bản Văn Học');
INSERT INTO `book_store`.`publisher` (`name`) VALUES ('Nhà Xuất Bản Trẻ');
INSERT INTO `book_store`.`publisher` (`name`) VALUES ('Nhà Xuất Bản Hồng Đức');


-- --------------------- book ------------------------------


INSERT INTO `book_store`.`book` (`height`, `image_url`, `title`, `total_pages`, `width`, `author_id`, `publisher_id`) VALUES ('20.5', 'https://images-na.ssl-images-amazon.com/images/S/compressed.photo.goodreads.com/books/1590721540i/53599866.jpg', 'Muôn Kiếp Nhân Sinh - Tập 1', '408', '14.5', '2', '1');
INSERT INTO `book_store`.`book` (`height`, `image_url`, `title`, `total_pages`, `width`, `author_id`, `publisher_id`) VALUES ('20.5', 'https://images.thuvienpdf.com/DuP5NAYU8W.webp', 'Muôn Kiếp Nhân Sinh - Tập 2', '540', '14.5', '2', '1');
INSERT INTO `book_store`.`book` (`height`, `image_url`, `title`, `total_pages`, `width`, `author_id`, `publisher_id`) VALUES ('24', 'https://product.hstatic.net/200000122283/product/h_nh_tr_nh_v_ph_ng_ng_b_a_1_31beebe313f64941a3548ebf2c51ced4_master.jpg', 'Hành Trình Về Phương Đông', '208', '16', '2', '1');
INSERT INTO `book_store`.`book` (`height`, `image_url`, `title`, `total_pages`, `width`, `author_id`, `publisher_id`) VALUES ('24', 'https://product.hstatic.net/200000305869/product/b_a_thi_n_t_i_b_n_tr_i_k_i_n_b_n_ph_i_1_2ca931f2aee1436980c94047001b15b1.png', 'Thiên Tài Bên Trái, Kẻ Điên Bên Phải', '424', '16', '1', '2');
INSERT INTO `book_store`.`book` (`height`, `image_url`, `title`, `total_pages`, `width`, `author_id`, `publisher_id`) VALUES ('24', 'https://salt.tikicdn.com/ts/product/5e/d2/3b/06159d088a9e8c9861899b9a7f0e8acd.jpg', 'Sổ Tay Nhà Thôi Miên', '352', '15.7', '1', '1');
INSERT INTO `book_store`.`book` (`height`, `image_url`, `title`, `total_pages`, `width`, `author_id`, `publisher_id`) VALUES ('20.5', 'https://salt.tikicdn.com/cache/w1200/media/catalog/product/1/7/174604_p62763mbiamuonanthiduocanoutconvert01.u547.d20160512.t150032.jpg', 'Muốn An Được An', '164', '13', '3', '4');
INSERT INTO `book_store`.`book` (`height`, `image_url`, `title`, `total_pages`, `width`, `author_id`, `publisher_id`) VALUES ('24', 'https://langmai.org/wp-content/uploads/2019/07/bi%CC%80a1_Duong-xua-may-trang_TB6_2019.jpeg', 'Đường Xưa Mây Trắng', '718', '15.5', '3', '5');
INSERT INTO `book_store`.`book` (`height`, `image_url`, `title`, `total_pages`, `width`, `author_id`, `publisher_id`) VALUES ('19', 'https://static.8cache.com/cover/o/eJzLyTDW1_VIzDROLfM3Noh31A8LM8zQLQlx8Uj11HeEgrw8V_0o5-Ck1IDyQEf3bP1iAwDLihCU/de-men-phieu-luu-ky.jpg', 'Dế Mèn Phiêu Lưu Ký ', '144', '13', '4', '6');
INSERT INTO `book_store`.`book` (`height`, `image_url`, `title`, `total_pages`, `width`, `author_id`, `publisher_id`) VALUES ('20.5', 'https://salt.tikicdn.com/cache/w1200/media/catalog/product/r/u/rung-nauy_2.jpg', 'Rừng Nauy', '556', '13', '5', '7');
INSERT INTO `book_store`.`book` (`height`, `image_url`, `title`, `total_pages`, `width`, `author_id`, `publisher_id`) VALUES ('24', 'https://isach.info/images/story/cover/kafka_ben_bo_bien__haruki_murakami.jpg', 'Kafka bên bờ biển', '530', '15.5', '5', '7');
INSERT INTO `book_store`.`book` (`height`, `image_url`, `title`, `total_pages`, `width`, `author_id`, `publisher_id`) VALUES ('20.5', 'https://quatangdoingoai.vn/tat-den-cua-ngo-tat-to/imager_5_5723_700.jpg', 'Tắt Đèn', '216', '13.5', '6', '8');
INSERT INTO `book_store`.`book` (`height`, `image_url`, `title`, `total_pages`, `width`, `author_id`, `publisher_id`) VALUES ('20.5', 'https://salt.tikicdn.com/cache/w1200/media/catalog/product/v/i/viec-lang.jpg', 'Việc Làng', '128', '14.5', '6', '8');
INSERT INTO `book_store`.`book` (`height`, `image_url`, `title`, `total_pages`, `width`, `author_id`, `publisher_id`) VALUES ('20.5', 'https://salt.tikicdn.com/media/catalog/product/i/m/img914_8.jpg', 'Chí Phèo', '328', '14.5', '7', '8');
INSERT INTO `book_store`.`book` (`height`, `image_url`, `title`, `total_pages`, `width`, `author_id`, `publisher_id`) VALUES ('16', 'https://salt.tikicdn.com/cache/w1200/media/catalog/product/d/o/doithua-namcao%20bia1.u547.d20160404.t145250.jpg', 'Đời Thừa', '136', '13', '7', '8');
INSERT INTO `book_store`.`book` (`height`, `image_url`, `title`, `total_pages`, `width`, `author_id`, `publisher_id`) VALUES ('18', 'https://salt.tikicdn.com/cache/w1200/media/catalog/product/i/m/img413_2.jpg', 'Số Đỏ', '254', '13', '8', '8');
INSERT INTO `book_store`.`book` (`height`, `image_url`, `title`, `total_pages`, `width`, `author_id`, `publisher_id`) VALUES ('20.5', 'https://online.anyflip.com/wgfaz/vedk/files/mobile/1.jpg?1629778353', 'Làm Đĩ', '264', '14.5', '8', '8');
INSERT INTO `book_store`.`book` (`height`, `image_url`, `title`, `total_pages`, `width`, `author_id`, `publisher_id`) VALUES ('20', 'https://radiotoday.net/wp-content/uploads/2015/01/Harry-potter-va-hoang-tu-lai.jpg', 'Harry Potter Và Hoàng Tử Lai', '716', '14', '9', '9');
INSERT INTO `book_store`.`book` (`height`, `image_url`, `title`, `total_pages`, `width`, `author_id`, `publisher_id`) VALUES ('20', 'https://www.nxbtre.com.vn/Images/Book/nxbtre_full_11592017_085924.jpg', 'Harry Potter Và Bảo Bối Tử Thần', '846', '14', '9', '9');
INSERT INTO `book_store`.`book` (`height`, `image_url`, `title`, `total_pages`, `width`, `author_id`, `publisher_id`) VALUES ('20', 'https://isach.info/images/story/cover/harry_potter_va_hon_da_phu_thuy__j_k_rowling.jpg', 'Harry Potter và Hòn đá phù thủy', '336', '14', '9', '9');
INSERT INTO `book_store`.`book` (`height`, `image_url`, `title`, `total_pages`, `width`, `author_id`, `publisher_id`) VALUES ('24', 'https://salt.tikicdn.com/cache/750x750/ts/product/be/21/d0/4e47b1cac0dbcc308807fd3fa2d86db9.jpg.webp', 'Chúa Tể Những Chiếc Nhẫn - Nhà Vua Trở Về', '516', '15', '10', '8');
INSERT INTO `book_store`.`book` (`height`, `image_url`, `title`, `total_pages`, `width`, `author_id`, `publisher_id`) VALUES ('20.5', 'https://img1.baza.vn/upload/files/products-MFCfgwd7/JiByxVLS.jpg?v=635376499093800910width=500', 'Trò Chơi Vương Quyền 2A - Hậu Duệ Của Sư Tử Vàng', '688', '14', '11', '10');
INSERT INTO `book_store`.`book` (`height`, `image_url`, `title`, `total_pages`, `width`, `author_id`, `publisher_id`) VALUES ('20.5', 'https://cdn0.fahasa.com/media/catalog/product/t/r/tro_choi_vuong_quyen_2b___bay_phu_quoc_tai_ban_2019_1_2020_07_03_14_55_50.jpg', 'Trò Chơi Vương Quyền 2B - Bảy Phụ Quốc', '716', '14', '11', '10');

UPDATE `book_store`.`book` SET `quantity` = '30', `summary` = '“Muôn kiếp nhân sinh” là tác phẩm do Giáo sư John Vũ - Nguyên Phong viết từ năm 2017 và hoàn tất đầu năm 2020 ghi lại những câu chuyện, trải nghiệm tiền kiếp kỳ lạ từ nhiều kiếp sống của người bạn tâm giao lâu năm, ông Thomas – một nhà kinh doanh tài chính nổi tiếng ở New York. Những câu chuyện chưa từng tiết lộ này sẽ giúp mọi người trên thế giới chiêm nghiệm, khám phá các quy luật về luật Nhân quả và Luân hồi của vũ trụ giữa lúc trái đất đang gặp nhiều tai ương, biến động, khủng hoảng từng ngày.' WHERE (`id` = '1');
UPDATE `book_store`.`book` SET `quantity` = '100', `summary` = 'Tác phẩm Muôn Kiếp Nhân Sinh tập 1 của tác giả Nguyên Phong xuất bản giữa tâm điểm của đại dịch đã thực sự tạo nên một hiện tượng xuất bản hiếm có ở Việt Nam. Cuốn sách đã khơi dậy những trực cảm tiềm ẩn của con người, làm thay đổi góc nhìn cuộc sống và thức tỉnh nhận thức của chúng ta giữa một thế giới đang ngày càng bất ổn và đầy biến động. Ngoài việc phát hành hơn 200.000 bản trong 6 tháng, chưa kể lượng phát hành Ebook và Audio Book qua Voiz-FM, First News còn nhận được hàng ngàn tin nhắn, e-mail chuyển lời cảm ơn đến tác giả Nguyên Phong. Điều này chứng tỏ sức lan tỏa của cuốn sách đã tạo nên một hiện tượng trong văn hóa đọc của năm 2020.' WHERE (`id` = '2');
UPDATE `book_store`.`book` SET `quantity` = '123', `summary` = 'Một trong những tác phẩm đương đại độc đáo nhất về văn hoá phương Đông. Hành trình về phương Đông kể về những trải nghiệm của một đoàn khoa học gồm các chuyên gia hàng đầu của Hội Khoa Học Hoàng Gia Anh được cử sang Ấn Độ nghiên cứu về huyền học và những khả năng siêu nhiên của con người. Suốt hai năm trời rong ruổi khắp các đền chùa Ấn Độ, chúng kiến nhiều pháp luật, nhiều cảnh mê tín dị đoan, thậm chí lừa đảủa nhiều pháp sư, đạo sĩọ được tiếp xúc với những vị thế, họ được chứng kiến, trải nghiệm, hiểu biết sâu sắc về các khoa học cổ xưa và bí truyền của văn hóa Ấn Độ như Yoga, thiền định, thuật chiêm duyên, nghiệp báo, luật nhân quả, cõi sống và cõi chế' WHERE (`id` = '3');
UPDATE `book_store`.`book` SET `quantity` = '54', `summary` = 'Hỡi những con người đang oằn mình trong cuộc sống, bạn biết gì về thế giới của mình? Là vô vàn thứ lý thuyết được các bậc vĩ nhân kiểm chứng, là luật lệ, là cả nghìn thứ sự thật bọc trong cái lốt hiển nhiên, hay những triết lý cứng nhắc của cuộc đời?' WHERE (`id` = '4');
UPDATE `book_store`.`book` SET `quantity` = '98', `summary` = 'Trước khi đọc “Sổ tay nhà thôi miên II” có một số vấn đề bạn cần biết!' WHERE (`id` = '5');
UPDATE `book_store`.`book` SET `quantity` = '45', `summary` = 'Ngày chủ nhật và cũng là ngày cuối cùng của tháng 11 năm 2014 tôi nhận được bản thảo cuốn sách Muốn an được an của thiền sư Thích Nhất Hạnh đã được sư cô Hội Nghiêm dịch ra tiếng Việt từ bản nguyên gốc tiếng anh Being peace. Tôi ngồi vào bàn rồi đọc ngay tức khắc.' WHERE (`id` = '6');
UPDATE `book_store`.`book` SET `quantity` = '21', `summary` = 'Đường Xưa Mây Trắng là một câu chuyện vô cùng lý thú về cuộc đời của Bụt được kể lại dưới ngòi bút hùng hồn đầy chất thơ của tác giả. Với văn phong nhẹ nhàng giản dị, với lối kể chuyện sinh động lôi cuốn, tác giả đã đưa chúng ta trở về tắm mình trong dòng sông Nguyên thỉ cách đây gần 2.600 năm, để được hiểu và gần gũi với một bậc giác ngộ mà cuộc đời của Ngài tỏa rạng nếp sống đầy tuệ giác và từ bi. Đọc Đường Xưa Mây Trắng cho chúng ta cảm tưởng như đang đọc một thiên tình sử, nhẹ nhàng, gần gũi mà sâu lắng.' WHERE (`id` = '7');
UPDATE `book_store`.`book` SET `quantity` = '110', `summary` = 'Đây là một tác phẩm văn học thiếu nhi kinh điển trong làng văn học Việt Nam, một tác phẩm gắn bó với tuổi thơ của hàng triệu độc giả ( - AHABOOKS -)' WHERE (`id` = '8');
UPDATE `book_store`.`book` SET `quantity` = '30', `summary` = 'Bất chợt lắng nghe bài hát mà nàng vẫn ưa thích nhất của Beatles, Toru Watanbe hồi tưởng lại mối tình đầu của mình với Naoko, người yêu của người bạn thân nhất là Kizuki. Ký ức ngay lập tức mang anh trở về những ngày sinh viên của 20 năm trước , ở Tokyo, những ngày chơi vơi trong một thế giới của tình bạn khó khăn, của tình dục buông thả, của đam mê mầt mát, trở về cái thời mà một cô gái mạnh mẽ tên là Modori đã bước vào cuộc đời anh, khiến anh phải chọn lựa, hoặc tương lai, hoặc quá khứ...' WHERE (`id` = '9');
UPDATE `book_store`.`book` SET `quantity` = '450', `summary` = 'Kafka bên bờ biển có hai câu chuyện song song. Một kể về cậu bé Kafka Tamura, một kể về lão già Nakata.' WHERE (`id` = '10');
UPDATE `book_store`.`book` SET `quantity` = '55', `summary` = '\"Tắt đèn là một cuốn xã hội tiểu thuyết tả cảnh đau khổ của dân quê, của một người đàn bà nhà quê An Nam suốt đời sống trong sự nghèo đói và sự ức hiếp của bọn cường hào và người có thế lực mà lúc nào cũng vẫn hết lòng vì chồng, vì con\".' WHERE (`id` = '11');
UPDATE `book_store`.`book` SET `quantity` = '75', `summary` = 'Văn học Việt Nam thời xưa có nhiều tác phẩm có giá trị to lớn về mặt nhân văn và nghệ thuật, đã được công nhận và chứng thực qua thời gian. Bộ sách Việt Nam danh tác bao gồm loạt tác phẩm đi cùng năm tháng như: Số đỏ (Vũ Trọng Phụng), Việc làng (Ngô Tất Tố), Gió đầu mùa, Hà Nội băm sáu phố phường (Thạch Lam), Miếng ngon Hà Nội (Vũ Bằng), Vang bóng một thời (Nguyễn Tuân). Hy vọng bộ sách sau khi tái bản sẽ giúp đông đảo tầng lớp độc giả thêm hiểu, tự hào và nâng niu kho tàng văn học nước nhà.' WHERE (`id` = '12');
UPDATE `book_store`.`book` SET `quantity` = '76', `summary` = 'Chí Phèo – Với những tình tiết hấp hẫn Nam Cao đã đưa người đọc tái hiện bức tranh chân thực nông thôn Việt Nam trước 1945, nghèo đói, xơ xác trên con đường phá sản, bần cùng, hết sức thê thảm, người nông dân bị đẩy vào con đường tha hóa, lưu manh hóa.' WHERE (`id` = '13');
UPDATE `book_store`.`book` SET `quantity` = '84', `summary` = 'Đời thừa - ấn bản mới phát hành của Trí Việt Books tuyển chọn những truyện ngắn đặc sắc của Nam Cao xoay quanh cuộc sống người trí thức, với những tuyên ngôn để đời của nhà văn Nam Cao về văn chương, nghệ thuật.' WHERE (`id` = '14');
UPDATE `book_store`.`book` SET `quantity` = '12', `summary` = 'Bằng ngòi bút trào phúng độc đáo, Số đỏ lên án gay gắt cái xã hội tư sản thành thị Việt Nam đương thơi đang chạy theo lối sống \"văn minh rởm\' hết sức lố lăng đồi bại. Tác giả đã kích cay độc các phong trào \" Âu hoá\", \"thể thao\", \" giải phóng nữ quyền\" đang phát triển rầm rộ khi ấy, nhân danh \"văn minh\", \"tiến bộ\", \"cải cách xã hội\" mà thực chất chỉ là ăn chơi truỵ lạc, làm tiền, chà đạp trắng trợn lên mọi nề nếp đạo đức truyền thố Ngôn ngữ nghệ thuật của Vũ Trọng Phụng thấm đẫm cá tính sáng tạo. Một thứ ngôn ngữ vừa gai góc, sắc nhọn, mỉa mai, chát. Cũng là thứ ngôn ngữ hướng đến sự phô bày, lên án, tố cáo những mặt trái của xã hội nhưng dữ dội hơn so với các cây bút hiện thực khác.' WHERE (`id` = '15');
UPDATE `book_store`.`book` SET `quantity` = '35', `summary` = 'Làm Đĩ là một thiên tả chân tiểu thuyết mục đích là hô hào nhà đạo đức và bậc làm cha mẹ lo chăm đến hạnh phúc của con cái và phải để ý đến cái sự mà những thành kiến hủ bại vẫn coi là điều bẩn thỉu, tức là cái sự dâm. Làm đĩ không tả lối sống của gái giang hồ mà chỉ vạch lại cái cảnh ngộ đã làm cho Huyền cô gái con nhà tử tế xinh đẹp, có học, thông minh phải sa chân, lỡ bước vào cuộc đời truỵ lạc. Làm đĩ là tiểu thuyết hiện thực đã không ngần ngại đặt ra một vấn đề: Tại sao lại có người phải Làm đĩ, xã hội có nạn mại dâm? Chính tác giả trong \"Đoạn cuối\" sách đã nói rõ ra với nhân vật chính của mình: \"Đối với thiên hạ thì đời một người như em, đương ở chốn yên lành mà vào nơi chông gai, chỉ có đoạn ấy là đáng nói thôi. Tại sao con nhà tử tế hẳn hoi, con nhà quý phái nữa, mà rồi đến nỗi…. trụy lạc, ấy người đời chỉ cần biết rõ những nguyên nhân ấy…\"' WHERE (`id` = '16');
UPDATE `book_store`.`book` SET `quantity` = '84', `summary` = 'Đây là năm thứ 6 của Harry Potter tại trường Hogwarts. Trong lúc những thế lực hắc ám của Voldemort gieo rắc nỗi kinh hoàng và sợ hãi ở khắp nơi, mọi chuyện càng lúc càng trở nên rõ ràng hơn đối với Harry, rằng cậu sẽ sớm phải đối diện với định mệnh của mình. Nhưng liệu Harry đã sẵn sàng vượt qua những thử thách đang chờ đợi phía trước?' WHERE (`id` = '17');
UPDATE `book_store`.`book` SET `quantity` = '36', `summary` = 'Harry Potter đang chuẩn bị rời khỏi nhà Dursley và đường Privet Drive trong thời khắc cuối cùng. Tuy nhiên, tương lai Harry đầy rẫy hiểm nguy, không chỉ cho cậu mà cả những người gần gũi – và Harry đã mất mát quá nhiều. Chỉ bằng cách tiêu hủy những Trường Sinh Linh Giá, Harry Potter mới có thể tự cứu mình và vượt qua những thế lực đen tối của Chúa tể hắc ám.' WHERE (`id` = '18');
UPDATE `book_store`.`book` SET `quantity` = '44', `summary` = 'Khi một lá thư được gởi đến cho cậu bé Harry Potter bình thường và bất hạnh, cậu khám phá ra một bí mật đã được che giấu suốt cả một thập kỉ. Cha mẹ cậu chính là phù thủy và cả hai đã bị lời nguyền của Chúa tể Hắc ám giết hại khi Harry mới chỉ là một đứa trẻ, và bằng cách nào đó, cậu đã giữ được mạng sống của mình. Thoát khỏi những người giám hộ Muggle không thể chịu đựng nổi để nhập học vào trường Hogwarts, một trường đào tạo phù thủy với những bóng ma và phép thuật, Harry tình cờ dấn thân vào một cuộc phiêu lưu đầy gai góc khi cậu phát hiện ra một con chó ba đầu đang canh giữ một căn phòng trên tầng ba. Rồi Harry nghe nói đến một viên đá bị mất tích sở hữu những sức mạnh lạ kì, rất quí giá, vô cùng nguy hiểm, mà cũng có thể là mang cả hai đặc điểm trên.' WHERE (`id` = '19');
UPDATE `book_store`.`book` SET `quantity` = '92', `summary` = 'Tập đại thành Tiểu thuyết kỳ ảo của J.R.R. Tolkien' WHERE (`id` = '20');
UPDATE `book_store`.`book` SET `quantity` = '48', `summary` = 'Bộ sách đồ sộ và đình đám Trò chơi vương quyền là một series tiểu thuyết sử thi viễn tưởng của tiểu thuyết gia nổi tiếng người Mỹ George R. R. Martin. Lấy cảm hứng từ tiểu thuyết \"Cuộc chiến hoa hồng\" và \"Ivanhoe\" Martin bắt đầu viết bộ sách vào năm 1991 và năm 1996 ông cho ra mắt ấn phẩm đầu tiên. Cuốn tiểu thuyết cũng như cả bộ sách nhanh chóng nhận được sự đón chào nhiệt liệt của một lượng fan hâm mộ khổng lồ, trở thành các tác phẩm best seller của nhiều bảng xếp hạng uy tín.' WHERE (`id` = '21');
UPDATE `book_store`.`book` SET `quantity` = '84', `summary` = 'Bộ sách đồ sộ và đình đám Trò chơi vương quyền là một series tiểu thuyết sử thi viễn tưởng của tiểu thuyết gia nổi tiếng người Mỹ George R. R. Martin. Lấy cảm hứng từ tiểu thuyết \"Cuộc chiến hoa hồng\" và \"Ivanhoe\" Martin bắt đầu viết bộ sách vào năm 1991 và năm 1996 ông cho ra mắt ấn phẩm đầu tiên. Cuốn tiểu thuyết cũng như cả bộ sách nhanh chóng nhận được sự đón chào nhiệt liệt của một lượng fan hâm mộ khổng lồ, trở thành các tác phẩm best seller của nhiều bảng xếp hạng uy tín. Từ dự định viết một bộ ba tập lúc ban đầu, đến nay Martin đã đẩy kế hoạch đó lên thành bảy tập; và tập năm của bộ sách đã được phát hành vào 12/07/2011 vừa qua.' WHERE (`id` = '22');


-- ------------------- book detail ----------------------------------------  

INSERT INTO `book_store`.`book_detail` (`category_id`, `book_id`) VALUES ('10', '1');
INSERT INTO `book_store`.`book_detail` (`category_id`, `book_id`) VALUES ('10', '2');
INSERT INTO `book_store`.`book_detail` (`category_id`, `book_id`) VALUES ('10', '3');
INSERT INTO `book_store`.`book_detail` (`category_id`, `book_id`) VALUES ('10', '4');
INSERT INTO `book_store`.`book_detail` (`category_id`, `book_id`) VALUES ('13', '4');
INSERT INTO `book_store`.`book_detail` (`category_id`, `book_id`) VALUES ('9', '4');
INSERT INTO `book_store`.`book_detail` (`category_id`, `book_id`) VALUES ('9', '5');
INSERT INTO `book_store`.`book_detail` (`category_id`, `book_id`) VALUES ('13', '5');
INSERT INTO `book_store`.`book_detail` (`category_id`, `book_id`) VALUES ('10', '5');
INSERT INTO `book_store`.`book_detail` (`category_id`, `book_id`) VALUES ('10', '6');
INSERT INTO `book_store`.`book_detail` (`category_id`, `book_id`) VALUES ('10', '7');
INSERT INTO `book_store`.`book_detail` (`category_id`, `book_id`) VALUES ('11', '8');
INSERT INTO `book_store`.`book_detail` (`category_id`, `book_id`) VALUES ('9', '8');
INSERT INTO `book_store`.`book_detail` (`category_id`, `book_id`) VALUES ('8', '9');
INSERT INTO `book_store`.`book_detail` (`category_id`, `book_id`) VALUES ('16', '9');
INSERT INTO `book_store`.`book_detail` (`category_id`, `book_id`) VALUES ('17', '8');
INSERT INTO `book_store`.`book_detail` (`category_id`, `book_id`) VALUES ('8', '10');
INSERT INTO `book_store`.`book_detail` (`category_id`, `book_id`) VALUES ('16', '10');
INSERT INTO `book_store`.`book_detail` (`category_id`, `book_id`) VALUES ('9', '11');
INSERT INTO `book_store`.`book_detail` (`category_id`, `book_id`) VALUES ('13', '11');
INSERT INTO `book_store`.`book_detail` (`category_id`, `book_id`) VALUES ('17', '11');
INSERT INTO `book_store`.`book_detail` (`category_id`, `book_id`) VALUES ('9', '12');
INSERT INTO `book_store`.`book_detail` (`category_id`, `book_id`) VALUES ('13', '12');
INSERT INTO `book_store`.`book_detail` (`category_id`, `book_id`) VALUES ('17', '12');
INSERT INTO `book_store`.`book_detail` (`category_id`, `book_id`) VALUES ('4', '12');
INSERT INTO `book_store`.`book_detail` (`category_id`, `book_id`) VALUES ('4', '13');
INSERT INTO `book_store`.`book_detail` (`category_id`, `book_id`) VALUES ('17', '13');
INSERT INTO `book_store`.`book_detail` (`category_id`, `book_id`) VALUES ('13', '13');
INSERT INTO `book_store`.`book_detail` (`category_id`, `book_id`) VALUES ('9', '13');
INSERT INTO `book_store`.`book_detail` (`category_id`, `book_id`) VALUES ('4', '14');
INSERT INTO `book_store`.`book_detail` (`category_id`, `book_id`) VALUES ('13', '14');
INSERT INTO `book_store`.`book_detail` (`category_id`, `book_id`) VALUES ('17', '14');
INSERT INTO `book_store`.`book_detail` (`category_id`, `book_id`) VALUES ('9', '14');
INSERT INTO `book_store`.`book_detail` (`category_id`, `book_id`) VALUES ('4', '15');
INSERT INTO `book_store`.`book_detail` (`category_id`, `book_id`) VALUES ('9', '15');
INSERT INTO `book_store`.`book_detail` (`category_id`, `book_id`) VALUES ('17', '15');
INSERT INTO `book_store`.`book_detail` (`category_id`, `book_id`) VALUES ('13', '15');
INSERT INTO `book_store`.`book_detail` (`category_id`, `book_id`) VALUES ('8', '17');
INSERT INTO `book_store`.`book_detail` (`category_id`, `book_id`) VALUES ('16', '17');
INSERT INTO `book_store`.`book_detail` (`category_id`, `book_id`) VALUES ('8', '18');
INSERT INTO `book_store`.`book_detail` (`category_id`, `book_id`) VALUES ('16', '18');
INSERT INTO `book_store`.`book_detail` (`category_id`, `book_id`) VALUES ('8', '19');
INSERT INTO `book_store`.`book_detail` (`category_id`, `book_id`) VALUES ('16', '19');
INSERT INTO `book_store`.`book_detail` (`category_id`, `book_id`) VALUES ('4', '16');
INSERT INTO `book_store`.`book_detail` (`category_id`, `book_id`) VALUES ('9', '16');
INSERT INTO `book_store`.`book_detail` (`category_id`, `book_id`) VALUES ('17', '16');
INSERT INTO `book_store`.`book_detail` (`category_id`, `book_id`) VALUES ('13', '16');
INSERT INTO `book_store`.`book_detail` (`category_id`, `book_id`) VALUES ('16', '20');
INSERT INTO `book_store`.`book_detail` (`category_id`, `book_id`) VALUES ('8', '20');
INSERT INTO `book_store`.`book_detail` (`category_id`, `book_id`) VALUES ('16', '21');
INSERT INTO `book_store`.`book_detail` (`category_id`, `book_id`) VALUES ('8', '21');
INSERT INTO `book_store`.`book_detail` (`category_id`, `book_id`) VALUES ('16', '22');
INSERT INTO `book_store`.`book_detail` (`category_id`, `book_id`) VALUES ('8', '22');


-- -------------------------- cart ----------------------------------------------

INSERT INTO `book_store`.`cart` (`account_id`) VALUES ('1');
INSERT INTO `book_store`.`cart` (`account_id`) VALUES ('2');
INSERT INTO `book_store`.`cart` (`account_id`) VALUES ('3');
INSERT INTO `book_store`.`cart` (`account_id`) VALUES ('4');
INSERT INTO `book_store`.`cart` (`account_id`) VALUES ('5');
INSERT INTO `book_store`.`cart` (`account_id`) VALUES ('6');
INSERT INTO `book_store`.`cart` (`account_id`) VALUES ('7');
INSERT INTO `book_store`.`cart` (`account_id`) VALUES ('8');
INSERT INTO `book_store`.`cart` (`account_id`) VALUES ('9');
INSERT INTO `book_store`.`cart` (`account_id`) VALUES ('10');
 
-- ---------------- cart detail -----------------------------

INSERT INTO `book_store`.`cart_detail` (`quantity`, `book_id`, `cart_id`) VALUES ('2', '1', '1');
INSERT INTO `book_store`.`cart_detail` (`quantity`, `book_id`, `cart_id`) VALUES ('3', '2', '2');
INSERT INTO `book_store`.`cart_detail` (`quantity`, `book_id`, `cart_id`) VALUES ('1', '6', '1');
INSERT INTO `book_store`.`cart_detail` (`quantity`, `book_id`, `cart_id`) VALUES ('5', '3', '3');
INSERT INTO `book_store`.`cart_detail` (`quantity`, `book_id`, `cart_id`) VALUES ('2', '2', '3');
INSERT INTO `book_store`.`cart_detail` (`quantity`, `book_id`, `cart_id`) VALUES ('1', '1', '3');
INSERT INTO `book_store`.`cart_detail` (`quantity`, `book_id`, `cart_id`) VALUES ('1', '12', '3');
INSERT INTO `book_store`.`cart_detail` (`quantity`, `book_id`, `cart_id`) VALUES ('3', '20', '3');
INSERT INTO `book_store`.`cart_detail` (`quantity`, `book_id`, `cart_id`) VALUES ('1', '16', '3');
INSERT INTO `book_store`.`cart_detail` (`quantity`, `book_id`, `cart_id`) VALUES ('4', '11', '3');
 
-- ------------------------- invoice -------------------------

INSERT INTO `book_store`.`invoice` (`code`, `date`, `account_id`) VALUES ('HD-3-1', '2022-08-11', '3');
INSERT INTO `book_store`.`invoice` (`code`, `date`, `account_id`) VALUES ('HD-3-2', '2022-11-08', '3');

-- ------------------------ invoice detail -------------------------------------------------------------  

INSERT INTO `book_store`.`invoice_detail` (`quantity`, `book_id`, `invoice_id`) VALUES ('2', '8', '1');
INSERT INTO `book_store`.`invoice_detail` (`quantity`, `book_id`, `invoice_id`) VALUES ('2', '4', '2');
